Name:         pvc-22328fbf-4dc1-4e88-b9c8-05644d153c23
Namespace:    longhorn-system
Labels:       longhorn.io/component=share-manager
              longhorn.io/managed-by=longhorn-manager
              longhorn.io/share-manager=pvc-22328fbf-4dc1-4e88-b9c8-05644d153c23
              longhorn.io/share-manager-image=smi-e2d9dcfd
Annotations:  <none>
API Version:  longhorn.io/v1beta2
Kind:         ShareManager
Metadata:
  Creation Timestamp:  2026-10-03T08:37:21Z
  Finalizers:
    longhorn.io
  Generation:  1
  Owner References:
    API Version:     longhorn.io/v1beta2
    Kind:            Volume
    Name:            pvc-22328fbf-4dc1-4e88-b9c8-05644d153c23
    UID:             e869000c-9b84-44bf-90a9-438c86191570
  Resource Version:  7450100
  UID:               8df46c35-764a-4986-a0c0-e49fb4d3a1d9
Spec:
  Image:  docker.io/longhornio/longhorn-share-manager:v1.12.0
Status:
  Current Image:  
  Endpoint:       
  Owner ID:       ice-nas
  State:          starting
Events:           <none>
apiVersion: longhorn.io/v1beta2
kind: Volume
metadata:
  creationTimestamp: "2026-10-03T08:37:21Z"
  finalizers:
  - longhorn.io
  generation: 2
  labels:
    backup-target: default
    longhornvolume: pvc-22328fbf-4dc1-4e88-b9c8-05644d153c23
    recurring-job-group.longhorn.io/default: enabled
    setting.longhorn.io/remove-snapshots-during-filesystem-trim: ignored
    setting.longhorn.io/replica-auto-balance: ignored
    setting.longhorn.io/snapshot-data-integrity: ignored
  name: pvc-22328fbf-4dc1-4e88-b9c8-05644d153c23
  namespace: longhorn-system
  resourceVersion: "7450102"
  uid: e869000c-9b84-44bf-90a9-438c86191570
spec:
  Standby: false
  accessMode: rwx
  backingImage: ""
  backupBlockSize: "2097152"
  backupCompressionMethod: lz4
  backupTargetName: default
  dataEngine: v1
  dataLocality: disabled
  dataSource: ""
  disableFrontend: false
  diskSelector: []
  encrypted: false
  engineNodeID: ""
  freezeFilesystemForSnapshot: ignored
  fromBackup: ""
  frontend: blockdev
  image: docker.io/longhornio/longhorn-engine:v1.12.0
  lastAttachedBy: ""
  migratable: false
  migrationNodeID: ""
  nodeID: ice-nas
  nodeSelector: []
  numberOfReplicas: 1
  offlineRebuilding: ignored
  rebuildConcurrentSyncLimit: 0
  replicaAutoBalance: ignored
  replicaDiskSoftAntiAffinity: ignored
  replicaRebuildingBandwidthLimit: 0
  replicaSoftAntiAffinity: ignored
  replicaZoneSoftAntiAffinity: ignored
  restoreVolumeRecurringJob: ignored
  revisionCounterDisabled: true
  size: "10737418240"
  snapshotDataIntegrity: ignored
  snapshotMaxCount: 250
  snapshotMaxSize: "0"
  staleReplicaTimeout: 2880
  unmapMarkSnapChainRemoved: ignored
status:
  actualSize: 0
  cloneStatus:
    attemptCount: 0
    nextAllowedAttemptAt: ""
    snapshot: ""
    sourceVolume: ""
    state: ""
  conditions:
  - lastProbeTime: ""
    lastTransitionTime: "2026-10-03T08:37:21Z"
    message: ""
    reason: ""
    status: "False"
    type: WaitForBackingImage
  - lastProbeTime: ""
    lastTransitionTime: "2026-10-03T08:37:21Z"
    message: ""
    reason: ""
    status: "False"
    type: TooManySnapshots
  - lastProbeTime: ""
    lastTransitionTime: "2026-10-03T08:37:21Z"
    message: ""
    reason: ""
    status: "True"
    type: Scheduled
  - lastProbeTime: ""
    lastTransitionTime: "2026-10-03T08:37:21Z"
    message: ""
    reason: ""
    status: "False"
    type: OfflineRebuilding
  - lastProbeTime: ""
    lastTransitionTime: "2026-10-03T08:37:21Z"
    message: ""
    reason: ""
    status: "False"
    type: Restore
  currentEngineNodeID: ""
  currentImage: docker.io/longhornio/longhorn-engine:v1.12.0
  currentMigrationNodeID: ""
  currentNodeID: ice-nas
  expansionRequired: false
  frontendDisabled: false
  isStandby: false
  kubernetesStatus:
    lastPVCRefAt: ""
    lastPodRefAt: ""
    namespace: comfyui
    pvName: pvc-22328fbf-4dc1-4e88-b9c8-05644d153c23
    pvStatus: Bound
    pvcName: webui-data
    workloadsStatus:
    - podName: webui-7887b9b7d5-dtxv9
      podStatus: Pending
      workloadName: webui-7887b9b7d5
      workloadType: ReplicaSet
  lastAutoSalvagedAt: ""
  lastBackup: ""
  lastBackupAt: ""
  lastDegradedAt: ""
  ownerID: ice-nas
  remountRequestedAt: "2026-10-03T08:50:29Z"
  restoreInitiated: false
  restoreRequired: false
  robustness: healthy
  shareEndpoint: ""
  shareState: starting
  state: attached
  switchoverState: ""
[pod/longhorn-manager-wc2xj/longhorn-manager] time="2026-10-03T10:37:21.109206181+02:00" level=info msg="Request (user: system:serviceaccount:longhorn-system:longhorn-service-account, longhorn.io/v1beta2, Kind=Volume, namespace: longhorn-system, name: pvc-22328fbf-4dc1-4e88-b9c8-05644d153c23, operation: CREATE) patchOps: [{\"op\": \"replace\", \"path\": \"/spec/dataLocality\", \"value\": \"disabled\"},{\"op\": \"replace\", \"path\": \"/spec/backupTargetName\", \"value\": \"default\"},{\"op\": \"replace\", \"path\": \"/spec/size\", \"value\": \"10737418240\"},{\"op\": \"replace\", \"path\": \"/spec/image\", \"value\": \"docker.io/longhornio/longhorn-engine:v1.12.0\"},{\"op\": \"replace\", \"path\": \"/spec/backupCompressionMethod\", \"value\": \"lz4\"},{\"op\": \"replace\", \"path\": \"/spec/snapshotMaxCount\", \"value\": 250},{\"op\": \"replace\", \"path\": \"/metadata/finalizers\", \"value\": [\"longhorn.io\"]},{\"op\": \"replace\", \"path\": \"/spec/replicaAutoBalance\", \"value\": \"ignored\"},{\"op\": \"replace\", \"path\": \"/spec/diskSelector\", \"value\": []},{\"op\": \"replace\", \"path\": \"/spec/nodeSelector\", \"value\": []},{\"op\": \"replace\", \"path\": \"/spec/snapshotDataIntegrity\", \"value\": \"ignored\"},{\"op\": \"replace\", \"path\": \"/spec/restoreVolumeRecurringJob\", \"value\": \"ignored\"},{\"op\": \"replace\", \"path\": \"/spec/unmapMarkSnapChainRemoved\", \"value\": \"ignored\"},{\"op\": \"replace\", \"path\": \"/spec/replicaSoftAntiAffinity\", \"value\": \"ignored\"},{\"op\": \"replace\", \"path\": \"/spec/replicaZoneSoftAntiAffinity\", \"value\": \"ignored\"},{\"op\": \"replace\", \"path\": \"/spec/replicaDiskSoftAntiAffinity\", \"value\": \"ignored\"},{\"op\": \"replace\", \"path\": \"/spec/freezeFilesystemForSnapshot\", \"value\": \"ignored\"},{\"op\": \"replace\", \"path\": \"/spec/offlineRebuilding\", \"value\": \"ignored\"},{\"op\": \"replace\", \"path\": \"/spec/backupBlockSize\", \"value\": \"2097152\"},{\"op\": \"replace\", \"path\": \"/metadata/labels\", \"value\": {\"backup-target\":\"default\",\"longhornvolume\":\"pvc-22328fbf-4dc1-4e88-b9c8-05644d153c23\",\"recurring-job-group.longhorn.io/default\":\"enabled\"}}]" func="admission.(*Handler).admit" file="admission.go:115" service=admissionWebhook
[pod/longhorn-manager-wc2xj/longhorn-manager] time="2026-10-03T10:37:21.140823186+02:00" level=warning msg="Failed to get volume attachment for volume pvc-3a5ad28a-9417-4b2d-8477-0b3188b762db" func="controller.(*SnapshotController).enqueueVolumeChange" file="snapshot_controller.go:255" controller=longhorn-snapshot error="volumeattachment.longhorn.io \"pvc-3a5ad28a-9417-4b2d-8477-0b3188b762db\" not found" node=ice-nas
[pod/longhorn-manager-wc2xj/longhorn-manager] time="2026-10-03T10:37:21.14418196+02:00" level=warning msg="Failed to get volume attachment for volume pvc-22328fbf-4dc1-4e88-b9c8-05644d153c23" func="controller.(*SnapshotController).enqueueVolumeChange" file="snapshot_controller.go:255" controller=longhorn-snapshot error="volumeattachment.longhorn.io \"pvc-22328fbf-4dc1-4e88-b9c8-05644d153c23\" not found" node=ice-nas
[pod/longhorn-manager-wc2xj/longhorn-manager] time="2026-10-03T10:37:21.149393771+02:00" level=warning msg="Failed to get volume attachment for volume pvc-2f84890d-780d-4c5a-b1c1-3021677c9961" func="controller.(*SnapshotController).enqueueVolumeChange" file="snapshot_controller.go:255" controller=longhorn-snapshot error="volumeattachment.longhorn.io \"pvc-2f84890d-780d-4c5a-b1c1-3021677c9961\" not found" node=ice-nas
[pod/longhorn-manager-wc2xj/longhorn-manager] time="2026-10-03T10:37:21.230526892+02:00" level=info msg="Created volume pvc-22328fbf-4dc1-4e88-b9c8-05644d153c23: {Size:10737418240 Frontend:blockdev UblkQueueDepth:0 UblkNumberOfQueue:0 FromBackup: RestoreVolumeRecurringJob:ignored DataSource: CloneMode: DataLocality:disabled StaleReplicaTimeout:2880 NodeID: EngineNodeID: MigrationNodeID: Image:docker.io/longhornio/longhorn-engine:v1.12.0 BackingImage: Standby:false DiskSelector:[] NodeSelector:[] DisableFrontend:false RevisionCounterDisabled:true UnmapMarkSnapChainRemoved:ignored ReplicaSoftAntiAffinity:ignored ReplicaZoneSoftAntiAffinity:ignored ReplicaDiskSoftAntiAffinity:ignored LastAttachedBy: AccessMode:rwx Migratable:false Encrypted:false NumberOfReplicas:1 ReplicaAutoBalance:ignored SnapshotDataIntegrity:ignored BackupCompressionMethod:lz4 BackupBlockSize:2097152 DataEngine:v1 SnapshotMaxCount:250 SnapshotMaxSize:0 FreezeFilesystemForSnapshot:ignored BackupTargetName:default OfflineRebuilding:ignored ReplicaRebuildingBandwidthLimit:0 RebuildConcurrentSyncLimit:0 SnapshotHashingRequestedAt:}" func="manager.(*VolumeManager).Create" file="volume.go:235"
[pod/longhorn-manager-wc2xj/longhorn-manager] time="2026-10-03T10:37:21.243657033+02:00" level=info msg="Volume got new owner ice-nas" func="controller.(*VolumeController).syncVolume" file="volume_controller.go:352" accessMode=rwx controller=longhorn-volume frontend=blockdev migratable=false node=ice-nas owner= shareEndpoint= shareState= state= volume=pvc-22328fbf-4dc1-4e88-b9c8-05644d153c23
[pod/longhorn-manager-wc2xj/longhorn-manager] time="2026-10-03T10:37:21.246043567+02:00" level=info msg="Request (user: system:serviceaccount:longhorn-system:longhorn-service-account, longhorn.io/v1beta2, Kind=VolumeAttachment, namespace: longhorn-system, name: pvc-22328fbf-4dc1-4e88-b9c8-05644d153c23, operation: CREATE) patchOps: [{\"op\": \"replace\", \"path\": \"/metadata/finalizers\", \"value\": [\"longhorn.io\"]},{\"op\": \"replace\", \"path\": \"/metadata/labels\", \"value\": {\"longhornvolume\":\"pvc-22328fbf-4dc1-4e88-b9c8-05644d153c23\"}},{\"op\": \"replace\", \"path\": \"/metadata/ownerReferences\", \"value\": [{\"apiVersion\":\"longhorn.io/v1beta2\",\"kind\":\"Volume\",\"name\":\"pvc-22328fbf-4dc1-4e88-b9c8-05644d153c23\",\"uid\":\"e869000c-9b84-44bf-90a9-438c86191570\"}]}]" func="admission.(*Handler).admit" file="admission.go:115" service=admissionWebhook
[pod/longhorn-manager-wc2xj/longhorn-manager] time="2026-10-03T10:37:21.266071742+02:00" level=info msg="Request (user: system:serviceaccount:longhorn-system:longhorn-service-account, longhorn.io/v1beta2, Kind=ShareManager, namespace: longhorn-system, name: pvc-22328fbf-4dc1-4e88-b9c8-05644d153c23, operation: CREATE) patchOps: [{\"op\": \"replace\", \"path\": \"/metadata/finalizers\", \"value\": [\"longhorn.io\"]}]" func="admission.(*Handler).admit" file="admission.go:115" service=admissionWebhook
[pod/longhorn-manager-wc2xj/longhorn-manager] time="2026-10-03T10:37:21.27815719+02:00" level=info msg="Request (user: system:serviceaccount:longhorn-system:longhorn-service-account, longhorn.io/v1beta2, Kind=Engine, namespace: longhorn-system, name: pvc-22328fbf-4dc1-4e88-b9c8-05644d153c23-e-0, operation: CREATE) patchOps: [{\"op\": \"replace\", \"path\": \"/metadata/labels\", \"value\": {\"longhornnode\":\"\",\"longhornvolume\":\"pvc-22328fbf-4dc1-4e88-b9c8-05644d153c23\"}},{\"op\": \"replace\", \"path\": \"/metadata/finalizers\", \"value\": [\"longhorn.io\"]}]" func="admission.(*Handler).admit" file="admission.go:115" service=admissionWebhook
[pod/longhorn-manager-wc2xj/longhorn-manager] time="2026-10-03T10:37:21.283639493+02:00" level=info msg="Share manager got new owner ice-nas" func="controller.(*ShareManagerController).syncShareManager" file="share_manager_controller.go:369" controller=longhorn-share-manager node=ice-nas owner= shareManager=pvc-3a5ad28a-9417-4b2d-8477-0b3188b762db state= volume=pvc-3a5ad28a-9417-4b2d-8477-0b3188b762db
[pod/longhorn-manager-wc2xj/longhorn-manager] time="2026-10-03T10:37:21.283708136+02:00" level=info msg="Stopping share manager since it is no longer required" func="controller.(*ShareManagerController).syncShareManagerVolume" file="share_manager_controller.go:688" controller=longhorn-share-manager node=ice-nas owner=ice-nas shareManager=pvc-3a5ad28a-9417-4b2d-8477-0b3188b762db state= volume=pvc-3a5ad28a-9417-4b2d-8477-0b3188b762db
[pod/longhorn-manager-wc2xj/longhorn-manager] time="2026-10-03T10:37:21.283742113+02:00" level=info msg="Updating share manager to stopped state before starting since share manager pod is gone" func="controller.(*ShareManagerController).syncShareManagerPod" file="share_manager_controller.go:898" controller=longhorn-share-manager node=ice-nas owner=ice-nas shareManager=pvc-3a5ad28a-9417-4b2d-8477-0b3188b762db state=stopping volume=pvc-3a5ad28a-9417-4b2d-8477-0b3188b762db
[pod/longhorn-manager-wc2xj/longhorn-manager] time="2026-10-03T10:37:21.376271169+02:00" level=info msg="Share manager got new owner ice-nas" func="controller.(*ShareManagerController).syncShareManager" file="share_manager_controller.go:369" controller=longhorn-share-manager node=ice-nas owner= shareManager=pvc-22328fbf-4dc1-4e88-b9c8-05644d153c23 state= volume=pvc-22328fbf-4dc1-4e88-b9c8-05644d153c23
[pod/longhorn-manager-wc2xj/longhorn-manager] time="2026-10-03T10:37:21.376379304+02:00" level=info msg="Stopping share manager since it is no longer required" func="controller.(*ShareManagerController).syncShareManagerVolume" file="share_manager_controller.go:688" controller=longhorn-share-manager node=ice-nas owner=ice-nas shareManager=pvc-22328fbf-4dc1-4e88-b9c8-05644d153c23 state= volume=pvc-22328fbf-4dc1-4e88-b9c8-05644d153c23
[pod/longhorn-manager-wc2xj/longhorn-manager] time="2026-10-03T10:37:21.376419333+02:00" level=info msg="Updating share manager to stopped state before starting since share manager pod is gone" func="controller.(*ShareManagerController).syncShareManagerPod" file="share_manager_controller.go:898" controller=longhorn-share-manager node=ice-nas owner=ice-nas shareManager=pvc-22328fbf-4dc1-4e88-b9c8-05644d153c23 state=stopping volume=pvc-22328fbf-4dc1-4e88-b9c8-05644d153c23
[pod/longhorn-manager-wc2xj/longhorn-manager] time="2026-10-03T10:37:21.381694384+02:00" level=info msg="Engine got new owner ice-nas" func="controller.(*EngineController).syncEngine" file="engine_controller.go:314" controller=longhorn-engine engine=pvc-22328fbf-4dc1-4e88-b9c8-05644d153c23-e-0 node=ice-nas
[pod/longhorn-manager-wc2xj/longhorn-manager] time="2026-10-03T10:37:21.381778746+02:00" level=info msg="Updating engine current replica address map to map[]" func="controller.(*EngineController).syncEngine" file="engine_controller.go:367" controller=longhorn-engine engine=pvc-22328fbf-4dc1-4e88-b9c8-05644d153c23-e-0 node=ice-nas
[pod/longhorn-manager-wc2xj/longhorn-manager] time="2026-10-03T10:37:21.470778667+02:00" level=info msg="Cannot find a reusable failed replicas for volume pvc-22328fbf-4dc1-4e88-b9c8-05644d153c23" func="scheduler.(*ReplicaScheduler).CheckAndReuseFailedReplica" file="replica_scheduler.go:1008"
[pod/longhorn-manager-wc2xj/longhorn-manager] time="2026-10-03T10:37:21.471052206+02:00" level=info msg="Creating new Replica" func="controller.(*VolumeController).createReplica" file="volume_controller.go:4728" accessMode=rwx controller=longhorn-volume frontend=blockdev hardNodeAffinity= migratable=false node=ice-nas owner=ice-nas replica=pvc-22328fbf-4dc1-4e88-b9c8-05644d153c23-r-6e8c0def shareEndpoint= shareState= state= volume=pvc-22328fbf-4dc1-4e88-b9c8-05644d153c23
[pod/longhorn-manager-wc2xj/longhorn-manager] time="2026-10-03T10:37:21.471347041+02:00" level=info msg="Cannot find a reusable failed replicas for volume pvc-3a5ad28a-9417-4b2d-8477-0b3188b762db" func="scheduler.(*ReplicaScheduler).CheckAndReuseFailedReplica" file="replica_scheduler.go:1008"
[pod/longhorn-manager-wc2xj/longhorn-manager] time="2026-10-03T10:37:21.47390069+02:00" level=info msg="Share manager got new owner ice-nas" func="controller.(*ShareManagerController).syncShareManager" file="share_manager_controller.go:369" controller=longhorn-share-manager node=ice-nas owner= shareManager=pvc-2f84890d-780d-4c5a-b1c1-3021677c9961 state= volume=pvc-2f84890d-780d-4c5a-b1c1-3021677c9961
[pod/longhorn-manager-wc2xj/longhorn-manager] time="2026-10-03T10:37:21.474012163+02:00" level=info msg="Request (user: system:serviceaccount:longhorn-system:longhorn-service-account, longhorn.io/v1beta2, Kind=Replica, namespace: longhorn-system, name: pvc-22328fbf-4dc1-4e88-b9c8-05644d153c23-r-6e8c0def, operation: CREATE) patchOps: [{\"op\": \"replace\", \"path\": \"/metadata/labels\", \"value\": {\"longhorn.io/backing-image\":\"\",\"longhorndiskuuid\":\"\",\"longhornnode\":\"\",\"longhornvolume\":\"pvc-22328fbf-4dc1-4e88-b9c8-05644d153c23\"}},{\"op\": \"replace\", \"path\": \"/metadata/finalizers\", \"value\": [\"longhorn.io\"]}]" func="admission.(*Handler).admit" file="admission.go:115" service=admissionWebhook
[pod/longhorn-manager-wc2xj/longhorn-manager] time="2026-10-03T10:37:21.474021057+02:00" level=info msg="Stopping share manager since it is no longer required" func="controller.(*ShareManagerController).syncShareManagerVolume" file="share_manager_controller.go:688" controller=longhorn-share-manager node=ice-nas owner=ice-nas shareManager=pvc-2f84890d-780d-4c5a-b1c1-3021677c9961 state= volume=pvc-2f84890d-780d-4c5a-b1c1-3021677c9961
[pod/longhorn-manager-wc2xj/longhorn-manager] time="2026-10-03T10:37:21.474222315+02:00" level=info msg="Updating share manager to stopped state before starting since share manager pod is gone" func="controller.(*ShareManagerController).syncShareManagerPod" file="share_manager_controller.go:898" controller=longhorn-share-manager node=ice-nas owner=ice-nas shareManager=pvc-2f84890d-780d-4c5a-b1c1-3021677c9961 state=stopping volume=pvc-2f84890d-780d-4c5a-b1c1-3021677c9961
[pod/longhorn-manager-wc2xj/longhorn-manager] time="2026-10-03T10:37:21.489436997+02:00" level=info msg="Instance pvc-22328fbf-4dc1-4e88-b9c8-05644d153c23-e-0 state is updated from  to stopped" func="controller.(*InstanceHandler).ReconcileInstanceState.func1" file="instance_handler.go:339" dataEngine=v1 instance=pvc-22328fbf-4dc1-4e88-b9c8-05644d153c23-e-0 specNodeID= volumeName=pvc-22328fbf-4dc1-4e88-b9c8-05644d153c23
[pod/longhorn-manager-wc2xj/longhorn-manager] time="2026-10-03T10:37:21.503622785+02:00" level=info msg="Cannot find a reusable failed replicas for volume pvc-2f84890d-780d-4c5a-b1c1-3021677c9961" func="scheduler.(*ReplicaScheduler).CheckAndReuseFailedReplica" file="replica_scheduler.go:1008"
[pod/longhorn-manager-wc2xj/longhorn-manager] time="2026-10-03T10:37:21.584185457+02:00" level=info msg="Schedule replica to node ice-nas" func="scheduler.(*ReplicaScheduler).scheduleReplicaToDisk" file="replica_scheduler.go:686" dataDirectoryName=pvc-22328fbf-4dc1-4e88-b9c8-05644d153c23-fae8d998 disk=bea4e432-42a0-42dc-8983-d31dbe1230b7 diskPath=/mnt/longhorn/slow replica=pvc-22328fbf-4dc1-4e88-b9c8-05644d153c23-r-6e8c0def
[pod/longhorn-manager-wc2xj/longhorn-manager] time="2026-10-03T10:37:21.589359554+02:00" level=info msg="Request (user: system:serviceaccount:longhorn-system:longhorn-service-account, longhorn.io/v1beta2, Kind=Replica, namespace: longhorn-system, name: pvc-22328fbf-4dc1-4e88-b9c8-05644d153c23-r-6e8c0def, operation: UPDATE) patchOps: [{\"op\": \"replace\", \"path\": \"/metadata/labels\", \"value\": {\"longhorn.io/backing-image\":\"\",\"longhorndiskuuid\":\"bea4e432-42a0-42dc-8983-d31dbe1230b7\",\"longhornnode\":\"ice-nas\",\"longhornvolume\":\"pvc-22328fbf-4dc1-4e88-b9c8-05644d153c23\"}},{\"op\": \"replace\", \"path\": \"/metadata/finalizers\", \"value\": [\"longhorn.io\"]}]" func="admission.(*Handler).admit" file="admission.go:115" service=admissionWebhook
[pod/longhorn-manager-wc2xj/longhorn-manager] time="2026-10-03T10:37:21.593030529+02:00" level=info msg="Replica got new owner ice-nas" func="controller.(*ReplicaController).syncReplica" file="replica_controller.go:250" controller=longhorn-replica node=ice-nas nodeID= ownerID= replica=pvc-22328fbf-4dc1-4e88-b9c8-05644d153c23-r-6e8c0def
[pod/longhorn-manager-wc2xj/longhorn-manager] time="2026-10-03T10:37:21.593115709+02:00" level=info msg="Instance pvc-22328fbf-4dc1-4e88-b9c8-05644d153c23-r-6e8c0def state is updated from  to stopped" func="controller.(*InstanceHandler).ReconcileInstanceState.func1" file="instance_handler.go:339" dataEngine=v1 instance=pvc-22328fbf-4dc1-4e88-b9c8-05644d153c23-r-6e8c0def specNodeID= volumeName=pvc-22328fbf-4dc1-4e88-b9c8-05644d153c23
[pod/longhorn-manager-wc2xj/longhorn-manager] time="2026-10-03T10:37:21.60297366+02:00" level=info msg="Instance pvc-22328fbf-4dc1-4e88-b9c8-05644d153c23-r-6e8c0def state is updated from  to stopped" func="controller.(*InstanceHandler).ReconcileInstanceState.func1" file="instance_handler.go:339" dataEngine=v1 instance=pvc-22328fbf-4dc1-4e88-b9c8-05644d153c23-r-6e8c0def specNodeID= volumeName=pvc-22328fbf-4dc1-4e88-b9c8-05644d153c23
[pod/longhorn-manager-wc2xj/longhorn-manager] time="2026-10-03T10:37:21.608595868+02:00" level=info msg="Instance pvc-22328fbf-4dc1-4e88-b9c8-05644d153c23-r-6e8c0def state is updated from  to stopped" func="controller.(*InstanceHandler).ReconcileInstanceState.func1" file="instance_handler.go:339" dataEngine=v1 instance=pvc-22328fbf-4dc1-4e88-b9c8-05644d153c23-r-6e8c0def instanceManager=instance-manager-d0100621e770a03acc949c1dfd0087de specNodeID=ice-nas volumeName=pvc-22328fbf-4dc1-4e88-b9c8-05644d153c23
[pod/longhorn-manager-wc2xj/longhorn-manager] time="2026-10-03T10:37:21.708107292+02:00" level=info msg="Request (user: system:serviceaccount:longhorn-system:longhorn-service-account, longhorn.io/v1beta2, Kind=Engine, namespace: longhorn-system, name: pvc-22328fbf-4dc1-4e88-b9c8-05644d153c23-e-0, operation: UPDATE) patchOps: [{\"op\": \"replace\", \"path\": \"/metadata/labels\", \"value\": {\"longhornnode\":\"\",\"longhornvolume\":\"pvc-22328fbf-4dc1-4e88-b9c8-05644d153c23\"}},{\"op\": \"replace\", \"path\": \"/metadata/finalizers\", \"value\": [\"longhorn.io\"]}]" func="admission.(*Handler).admit" file="admission.go:115" service=admissionWebhook
[pod/longhorn-manager-wc2xj/longhorn-manager] time="2026-10-03T10:37:21.720493565+02:00" level=info msg="Request (user: system:serviceaccount:longhorn-system:longhorn-service-account, longhorn.io/v1beta2, Kind=Engine, namespace: longhorn-system, name: pvc-22328fbf-4dc1-4e88-b9c8-05644d153c23-e-0, operation: UPDATE) patchOps: [{\"op\": \"replace\", \"path\": \"/metadata/labels\", \"value\": {\"longhornnode\":\"\",\"longhornvolume\":\"pvc-22328fbf-4dc1-4e88-b9c8-05644d153c23\"}},{\"op\": \"replace\", \"path\": \"/metadata/finalizers\", \"value\": [\"longhorn.io\"]}]" func="admission.(*Handler).admit" file="admission.go:115" service=admissionWebhook
[pod/longhorn-manager-wc2xj/longhorn-manager] time="2026-10-03T10:37:22.060665815+02:00" level=info msg="Event(v1.ObjectReference{Kind:\"Volume\", Namespace:\"longhorn-system\", Name:\"pvc-22328fbf-4dc1-4e88-b9c8-05644d153c23\", UID:\"e869000c-9b84-44bf-90a9-438c86191570\", APIVersion:\"longhorn.io/v1beta2\", ResourceVersion:\"7448274\", FieldPath:\"\"}): type: 'Normal' reason: 'Detached' volume pvc-22328fbf-4dc1-4e88-b9c8-05644d153c23 has been detached" func="record.(*eventBroadcasterImpl).StartLogging.func1" file="event.go:377"
[pod/longhorn-manager-wc2xj/longhorn-manager] time="2026-10-03T10:37:23.243219132+02:00" level=info msg="Event(v1.ObjectReference{Kind:\"Volume\", Namespace:\"longhorn-system\", Name:\"pvc-22328fbf-4dc1-4e88-b9c8-05644d153c23\", UID:\"e869000c-9b84-44bf-90a9-438c86191570\", APIVersion:\"longhorn.io/v1beta2\", ResourceVersion:\"7448278\", FieldPath:\"\"}): type: 'Normal' reason: 'Start' Persistent Volume pvc-22328fbf-4dc1-4e88-b9c8-05644d153c23 started to use/reuse Longhorn volume pvc-22328fbf-4dc1-4e88-b9c8-05644d153c23" func="record.(*eventBroadcasterImpl).StartLogging.func1" file="event.go:377"
[pod/longhorn-manager-wc2xj/longhorn-manager] time="2026-10-03T10:37:23.267332625+02:00" level=warning msg="Failed to update PV annotation for volume pvc-22328fbf-4dc1-4e88-b9c8-05644d153c23" func="controller.(*VolumeController).reconcileVolumeCondition" file="volume_controller.go:2373" accessMode=rwx controller=longhorn-volume error="Operation cannot be fulfilled on persistentvolumes \"pvc-22328fbf-4dc1-4e88-b9c8-05644d153c23\": the object has been modified; please apply your changes to the latest version and try again" frontend=blockdev migratable=false node=ice-nas owner=ice-nas shareEndpoint= shareState=stopped state=detached volume=pvc-22328fbf-4dc1-4e88-b9c8-05644d153c23
[pod/longhorn-manager-wc2xj/longhorn-manager] time="2026-10-03T10:37:23.311172921+02:00" level=warning msg="Failed to update PV annotation for volume pvc-3a5ad28a-9417-4b2d-8477-0b3188b762db" func="controller.(*VolumeController).reconcileVolumeCondition" file="volume_controller.go:2373" accessMode=rwx controller=longhorn-volume error="Operation cannot be fulfilled on persistentvolumes \"pvc-3a5ad28a-9417-4b2d-8477-0b3188b762db\": the object has been modified; please apply your changes to the latest version and try again" frontend=blockdev migratable=false node=ice-nas owner=ice-nas shareEndpoint= shareState=stopped state=detached volume=pvc-3a5ad28a-9417-4b2d-8477-0b3188b762db
[pod/longhorn-manager-wc2xj/longhorn-manager] time="2026-10-03T10:37:23.359382893+02:00" level=info msg="Starting share manager" func="controller.(*ShareManagerController).syncShareManagerVolume" file="share_manager_controller.go:724" controller=longhorn-share-manager node=ice-nas owner=ice-nas shareManager=pvc-2f84890d-780d-4c5a-b1c1-3021677c9961 state=stopped volume=pvc-2f84890d-780d-4c5a-b1c1-3021677c9961
[pod/longhorn-manager-wc2xj/longhorn-manager] time="2026-10-03T10:37:23.35945009+02:00" level=info msg="No share-manager pod yet to attach the volume pvc-2f84890d-780d-4c5a-b1c1-3021677c9961" func="controller.(*ShareManagerController).createShareManagerAttachmentTicket" file="share_manager_controller.go:530" controller=longhorn-share-manager node=ice-nas owner=ice-nas shareManager=pvc-2f84890d-780d-4c5a-b1c1-3021677c9961 state=starting volume=pvc-2f84890d-780d-4c5a-b1c1-3021677c9961
[pod/longhorn-manager-wc2xj/longhorn-manager] time="2026-10-03T10:37:23.359487264+02:00" level=info msg="Creating pod for share manager pvc-2f84890d-780d-4c5a-b1c1-3021677c9961" func="controller.(*ShareManagerController).syncShareManagerPod" file="share_manager_controller.go:917" controller=longhorn-share-manager node=ice-nas owner=ice-nas shareManager=pvc-2f84890d-780d-4c5a-b1c1-3021677c9961 state=starting volume=pvc-2f84890d-780d-4c5a-b1c1-3021677c9961
[pod/longhorn-manager-wc2xj/longhorn-manager] time="2026-10-03T10:37:23.359575867+02:00" level=info msg="Creating Service for share manager pvc-2f84890d-780d-4c5a-b1c1-3021677c9961" func="controller.(*ShareManagerController).createServiceAndEndpoint" file="share_manager_controller.go:1178" controller=longhorn-share-manager node=ice-nas
[pod/longhorn-manager-wc2xj/longhorn-manager] time="2026-10-03T10:37:23.366344427+02:00" level=info msg="Creating Endpoint for share manager pvc-2f84890d-780d-4c5a-b1c1-3021677c9961" func="controller.(*ShareManagerController).createEndpoint" file="share_manager_controller.go:1470" controller=longhorn-share-manager node=ice-nas
[pod/longhorn-manager-wc2xj/longhorn-manager] time="2026-10-03T10:37:23.386422854+02:00" level=info msg="Request (user: system:serviceaccount:longhorn-system:longhorn-service-account, longhorn.io/v1beta2, Kind=VolumeAttachment, namespace: longhorn-system, name: pvc-22328fbf-4dc1-4e88-b9c8-05644d153c23, operation: UPDATE) patchOps: [{\"op\": \"replace\", \"path\": \"/metadata/finalizers\", \"value\": [\"longhorn.io\"]}]" func="admission.(*Handler).admit" file="admission.go:115" service=admissionWebhook
[pod/longhorn-manager-wc2xj/longhorn-manager] time="2026-10-03T10:37:23.41497989+02:00" level=info msg="Starting share manager" func="controller.(*ShareManagerController).syncShareManagerVolume" file="share_manager_controller.go:724" controller=longhorn-share-manager node=ice-nas owner=ice-nas shareManager=pvc-3a5ad28a-9417-4b2d-8477-0b3188b762db state=stopped volume=pvc-3a5ad28a-9417-4b2d-8477-0b3188b762db
[pod/longhorn-manager-wc2xj/longhorn-manager] time="2026-10-03T10:37:23.415033719+02:00" level=info msg="No share-manager pod yet to attach the volume pvc-3a5ad28a-9417-4b2d-8477-0b3188b762db" func="controller.(*ShareManagerController).createShareManagerAttachmentTicket" file="share_manager_controller.go:530" controller=longhorn-share-manager node=ice-nas owner=ice-nas shareManager=pvc-3a5ad28a-9417-4b2d-8477-0b3188b762db state=starting volume=pvc-3a5ad28a-9417-4b2d-8477-0b3188b762db
[pod/longhorn-manager-wc2xj/longhorn-manager] time="2026-10-03T10:37:23.415081823+02:00" level=info msg="Creating pod for share manager pvc-3a5ad28a-9417-4b2d-8477-0b3188b762db" func="controller.(*ShareManagerController).syncShareManagerPod" file="share_manager_controller.go:917" controller=longhorn-share-manager node=ice-nas owner=ice-nas shareManager=pvc-3a5ad28a-9417-4b2d-8477-0b3188b762db state=starting volume=pvc-3a5ad28a-9417-4b2d-8477-0b3188b762db
[pod/longhorn-manager-wc2xj/longhorn-manager] time="2026-10-03T10:37:23.415173687+02:00" level=info msg="Creating Service for share manager pvc-3a5ad28a-9417-4b2d-8477-0b3188b762db" func="controller.(*ShareManagerController).createServiceAndEndpoint" file="share_manager_controller.go:1178" controller=longhorn-share-manager node=ice-nas
[pod/longhorn-manager-wc2xj/longhorn-manager] time="2026-10-03T10:37:23.420832603+02:00" level=info msg="Created pod for share manager on node " func="controller.(*ShareManagerController).createShareManagerPod" file="share_manager_controller.go:1370" controller=longhorn-share-manager node=ice-nas owner=ice-nas pod=share-manager-pvc-2f84890d-780d-4c5a-b1c1-3021677c9961 shareManager=pvc-2f84890d-780d-4c5a-b1c1-3021677c9961 state=starting volume=pvc-2f84890d-780d-4c5a-b1c1-3021677c9961
[pod/longhorn-manager-wc2xj/longhorn-manager] time="2026-10-03T10:37:23.421010161+02:00" level=warning msg="Failed to check IsNodeDownOrDeleted() when syncShareManagerPod" func="controller.(*ShareManagerController).syncShareManagerPod" file="share_manager_controller.go:949" controller=longhorn-share-manager error="no node name provided to check node down or deleted" node=ice-nas owner=ice-nas shareManager=pvc-2f84890d-780d-4c5a-b1c1-3021677c9961 state=starting volume=pvc-2f84890d-780d-4c5a-b1c1-3021677c9961
[pod/longhorn-manager-wc2xj/longhorn-manager] time="2026-10-03T10:37:23.421828308+02:00" level=info msg="Creating Endpoint for share manager pvc-3a5ad28a-9417-4b2d-8477-0b3188b762db" func="controller.(*ShareManagerController).createEndpoint" file="share_manager_controller.go:1470" controller=longhorn-share-manager node=ice-nas
[pod/longhorn-manager-wc2xj/longhorn-manager] time="2026-10-03T10:37:23.434417292+02:00" level=info msg="Created pod for share manager on node " func="controller.(*ShareManagerController).createShareManagerPod" file="share_manager_controller.go:1370" controller=longhorn-share-manager node=ice-nas owner=ice-nas pod=share-manager-pvc-3a5ad28a-9417-4b2d-8477-0b3188b762db shareManager=pvc-3a5ad28a-9417-4b2d-8477-0b3188b762db state=starting volume=pvc-3a5ad28a-9417-4b2d-8477-0b3188b762db
[pod/longhorn-manager-wc2xj/longhorn-manager] time="2026-10-03T10:37:23.434485266+02:00" level=warning msg="Failed to check IsNodeDownOrDeleted() when syncShareManagerPod" func="controller.(*ShareManagerController).syncShareManagerPod" file="share_manager_controller.go:949" controller=longhorn-share-manager error="no node name provided to check node down or deleted" node=ice-nas owner=ice-nas shareManager=pvc-3a5ad28a-9417-4b2d-8477-0b3188b762db state=starting volume=pvc-3a5ad28a-9417-4b2d-8477-0b3188b762db
[pod/longhorn-manager-wc2xj/longhorn-manager] 10.42.0.205 - - [03/Oct/2026:10:37:23 +0200] "POST /v1/volumes/pvc-22328fbf-4dc1-4e88-b9c8-05644d153c23?action=attach HTTP/1.1" 200 8057 "" "Go-http-client/1.1"
[pod/longhorn-manager-wc2xj/longhorn-manager] time="2026-10-03T10:37:23.52630904+02:00" level=info msg="Adding volume attachment ticket: share-manager-controller-pvc-2f84890d-780d-4c5a-b1c1-3021677c9961 to attach the volume pvc-2f84890d-780d-4c5a-b1c1-3021677c9961 to node ice-nas" func="controller.(*ShareManagerController).createShareManagerAttachmentTicket" file="share_manager_controller.go:555" controller=longhorn-share-manager node=ice-nas owner=ice-nas shareManager=pvc-2f84890d-780d-4c5a-b1c1-3021677c9961 state=starting volume=pvc-2f84890d-780d-4c5a-b1c1-3021677c9961
[pod/longhorn-manager-wc2xj/longhorn-manager] time="2026-10-03T10:37:23.539589031+02:00" level=info msg="Adding volume attachment ticket: share-manager-controller-pvc-3a5ad28a-9417-4b2d-8477-0b3188b762db to attach the volume pvc-3a5ad28a-9417-4b2d-8477-0b3188b762db to node ice-nas" func="controller.(*ShareManagerController).createShareManagerAttachmentTicket" file="share_manager_controller.go:555" controller=longhorn-share-manager node=ice-nas owner=ice-nas shareManager=pvc-3a5ad28a-9417-4b2d-8477-0b3188b762db state=starting volume=pvc-3a5ad28a-9417-4b2d-8477-0b3188b762db
[pod/longhorn-manager-wc2xj/longhorn-manager] time="2026-10-03T10:37:23.561541542+02:00" level=info msg="Volume pvc-2f84890d-780d-4c5a-b1c1-3021677c9961 is selected to attach to node ice-nas, ticket &{ID:share-manager-controller-pvc-2f84890d-780d-4c5a-b1c1-3021677c9961 Type:share-manager-controller NodeID:ice-nas Parameters:map[disableFrontend:false] Generation:0}" func="controller.(*VolumeAttachmentController).handleVolumeAttachment" file="volume_attachment_controller.go:703" controller=longhorn-volume-attachment longhornVolumeAttachment=pvc-2f84890d-780d-4c5a-b1c1-3021677c9961 node=ice-nas
[pod/longhorn-manager-wc2xj/longhorn-manager] time="2026-10-03T10:37:23.565253443+02:00" level=info msg="Volume pvc-3a5ad28a-9417-4b2d-8477-0b3188b762db is selected to attach to node ice-nas, ticket &{ID:share-manager-controller-pvc-3a5ad28a-9417-4b2d-8477-0b3188b762db Type:share-manager-controller NodeID:ice-nas Parameters:map[disableFrontend:false] Generation:0}" func="controller.(*VolumeAttachmentController).handleVolumeAttachment" file="volume_attachment_controller.go:703" controller=longhorn-volume-attachment longhornVolumeAttachment=pvc-3a5ad28a-9417-4b2d-8477-0b3188b762db node=ice-nas
[pod/longhorn-manager-wc2xj/longhorn-manager] time="2026-10-03T10:37:32.00334829+02:00" level=info msg="Creating a recovery backend share-manager-pvc-2f84890d-780d-4c5a-b1c1-3021677c9961 (version C9VDRMSV)" func="server.(*RecoveryBackendServer).Create" file="recovery_backend.go:22" service=recoveryBackend
[pod/longhorn-manager-wc2xj/longhorn-manager] time="2026-10-03T10:37:32.010615471+02:00" level=info msg="Reading clients from recovery backend share-manager-pvc-2f84890d-780d-4c5a-b1c1-3021677c9961" func="server.(*RecoveryBackendServer).RecoveryBackendReadClientIDs" file="recovery_backend.go:68" service=recoveryBackend
[pod/longhorn-manager-wc2xj/longhorn-manager] time="2026-10-03T10:37:32.010735364+02:00" level=info msg="Reading clients from recovery backend recovery-backend-share-manager-pvc-2f84890d-780d-4c5a-b1c1-3021677c9961" func="backend.(*RecoveryBackend).ReadClientIDs" file="configmap.go:186" service=recoveryBackend
[pod/longhorn-manager-wc2xj/longhorn-manager] time="2026-10-03T10:37:32.014177729+02:00" level=info msg="Annotation version is not existing in recovery backend recovery-backend-share-manager-pvc-2f84890d-780d-4c5a-b1c1-3021677c9961" func="backend.(*RecoveryBackend).ReadClientIDs" file="configmap.go:195" service=recoveryBackend
[pod/longhorn-manager-wc2xj/longhorn-manager] time="2026-10-03T10:37:32.016226715+02:00" level=info msg="Ending grace for recovery backend share-manager-pvc-2f84890d-780d-4c5a-b1c1-3021677c9961 (version C9VDRMSV)" func="server.(*RecoveryBackendServer).EndGrace" file="recovery_backend.go:36" service=recoveryBackend
[pod/longhorn-manager-wc2xj/longhorn-manager] time="2026-10-03T10:37:32.534926591+02:00" level=info msg="Starting share manager" func="controller.(*ShareManagerController).syncShareManagerVolume" file="share_manager_controller.go:724" controller=longhorn-share-manager node=ice-nas owner=ice-nas shareManager=pvc-22328fbf-4dc1-4e88-b9c8-05644d153c23 state=stopped volume=pvc-22328fbf-4dc1-4e88-b9c8-05644d153c23
[pod/longhorn-manager-wc2xj/longhorn-manager] time="2026-10-03T10:37:32.535019507+02:00" level=info msg="No share-manager pod yet to attach the volume pvc-22328fbf-4dc1-4e88-b9c8-05644d153c23" func="controller.(*ShareManagerController).createShareManagerAttachmentTicket" file="share_manager_controller.go:530" controller=longhorn-share-manager node=ice-nas owner=ice-nas shareManager=pvc-22328fbf-4dc1-4e88-b9c8-05644d153c23 state=starting volume=pvc-22328fbf-4dc1-4e88-b9c8-05644d153c23
[pod/longhorn-manager-wc2xj/longhorn-manager] time="2026-10-03T10:37:32.53508734+02:00" level=info msg="Creating pod for share manager pvc-22328fbf-4dc1-4e88-b9c8-05644d153c23" func="controller.(*ShareManagerController).syncShareManagerPod" file="share_manager_controller.go:917" controller=longhorn-share-manager node=ice-nas owner=ice-nas shareManager=pvc-22328fbf-4dc1-4e88-b9c8-05644d153c23 state=starting volume=pvc-22328fbf-4dc1-4e88-b9c8-05644d153c23
[pod/longhorn-manager-wc2xj/longhorn-manager] time="2026-10-03T10:37:32.535226118+02:00" level=info msg="Creating Service for share manager pvc-22328fbf-4dc1-4e88-b9c8-05644d153c23" func="controller.(*ShareManagerController).createServiceAndEndpoint" file="share_manager_controller.go:1178" controller=longhorn-share-manager node=ice-nas
[pod/longhorn-manager-wc2xj/longhorn-manager] time="2026-10-03T10:37:32.543998728+02:00" level=info msg="Creating Endpoint for share manager pvc-22328fbf-4dc1-4e88-b9c8-05644d153c23" func="controller.(*ShareManagerController).createEndpoint" file="share_manager_controller.go:1470" controller=longhorn-share-manager node=ice-nas
[pod/longhorn-manager-wc2xj/longhorn-manager] time="2026-10-03T10:37:32.563105576+02:00" level=info msg="Created pod for share manager on node " func="controller.(*ShareManagerController).createShareManagerPod" file="share_manager_controller.go:1370" controller=longhorn-share-manager node=ice-nas owner=ice-nas pod=share-manager-pvc-22328fbf-4dc1-4e88-b9c8-05644d153c23 shareManager=pvc-22328fbf-4dc1-4e88-b9c8-05644d153c23 state=starting volume=pvc-22328fbf-4dc1-4e88-b9c8-05644d153c23
[pod/longhorn-manager-wc2xj/longhorn-manager] time="2026-10-03T10:37:32.563326714+02:00" level=warning msg="Failed to check IsNodeDownOrDeleted() when syncShareManagerPod" func="controller.(*ShareManagerController).syncShareManagerPod" file="share_manager_controller.go:949" controller=longhorn-share-manager error="no node name provided to check node down or deleted" node=ice-nas owner=ice-nas shareManager=pvc-22328fbf-4dc1-4e88-b9c8-05644d153c23 state=starting volume=pvc-22328fbf-4dc1-4e88-b9c8-05644d153c23
[pod/longhorn-manager-wc2xj/longhorn-manager] time="2026-10-03T10:37:32.672117203+02:00" level=info msg="Adding volume attachment ticket: share-manager-controller-pvc-22328fbf-4dc1-4e88-b9c8-05644d153c23 to attach the volume pvc-22328fbf-4dc1-4e88-b9c8-05644d153c23 to node ice-nas" func="controller.(*ShareManagerController).createShareManagerAttachmentTicket" file="share_manager_controller.go:555" controller=longhorn-share-manager node=ice-nas owner=ice-nas shareManager=pvc-22328fbf-4dc1-4e88-b9c8-05644d153c23 state=starting volume=pvc-22328fbf-4dc1-4e88-b9c8-05644d153c23
[pod/longhorn-manager-wc2xj/longhorn-manager] time="2026-10-03T10:37:32.676092248+02:00" level=info msg="Request (user: system:serviceaccount:longhorn-system:longhorn-service-account, longhorn.io/v1beta2, Kind=VolumeAttachment, namespace: longhorn-system, name: pvc-22328fbf-4dc1-4e88-b9c8-05644d153c23, operation: UPDATE) patchOps: [{\"op\": \"replace\", \"path\": \"/metadata/finalizers\", \"value\": [\"longhorn.io\"]}]" func="admission.(*Handler).admit" file="admission.go:115" service=admissionWebhook
[pod/longhorn-manager-wc2xj/longhorn-manager] time="2026-10-03T10:37:32.684782631+02:00" level=info msg="Volume pvc-22328fbf-4dc1-4e88-b9c8-05644d153c23 is selected to attach to node ice-nas, ticket &{ID:share-manager-controller-pvc-22328fbf-4dc1-4e88-b9c8-05644d153c23 Type:share-manager-controller NodeID:ice-nas Parameters:map[disableFrontend:false] Generation:0}" func="controller.(*VolumeAttachmentController).handleVolumeAttachment" file="volume_attachment_controller.go:703" controller=longhorn-volume-attachment longhornVolumeAttachment=pvc-22328fbf-4dc1-4e88-b9c8-05644d153c23 node=ice-nas
[pod/longhorn-manager-wc2xj/longhorn-manager] time="2026-10-03T10:37:32.691512763+02:00" level=info msg="Request (user: system:serviceaccount:longhorn-system:longhorn-service-account, longhorn.io/v1beta2, Kind=Volume, namespace: longhorn-system, name: pvc-22328fbf-4dc1-4e88-b9c8-05644d153c23, operation: UPDATE) patchOps: [{\"op\": \"replace\", \"path\": \"/metadata/finalizers\", \"value\": [\"longhorn.io\"]},{\"op\": \"replace\", \"path\": \"/metadata/labels\", \"value\": {\"backup-target\":\"default\",\"longhornvolume\":\"pvc-22328fbf-4dc1-4e88-b9c8-05644d153c23\",\"recurring-job-group.longhorn.io/default\":\"enabled\",\"setting.longhorn.io/remove-snapshots-during-filesystem-trim\":\"ignored\",\"setting.longhorn.io/replica-auto-balance\":\"ignored\",\"setting.longhorn.io/snapshot-data-integrity\":\"ignored\"}}]" func="admission.(*Handler).admit" file="admission.go:115" service=admissionWebhook
[pod/longhorn-manager-wc2xj/longhorn-manager] time="2026-10-03T10:37:32.714083101+02:00" level=info msg="Request (user: system:serviceaccount:longhorn-system:longhorn-service-account, longhorn.io/v1beta2, Kind=Replica, namespace: longhorn-system, name: pvc-22328fbf-4dc1-4e88-b9c8-05644d153c23-r-6e8c0def, operation: UPDATE) patchOps: [{\"op\": \"replace\", \"path\": \"/metadata/labels\", \"value\": {\"longhorn.io/backing-image\":\"\",\"longhorndiskuuid\":\"bea4e432-42a0-42dc-8983-d31dbe1230b7\",\"longhornnode\":\"ice-nas\",\"longhornvolume\":\"pvc-22328fbf-4dc1-4e88-b9c8-05644d153c23\"}},{\"op\": \"replace\", \"path\": \"/metadata/finalizers\", \"value\": [\"longhorn.io\"]}]" func="admission.(*Handler).admit" file="admission.go:115" service=admissionWebhook
[pod/longhorn-manager-wc2xj/longhorn-manager] time="2026-10-03T10:37:32.730193858+02:00" level=info msg="Creating instance pvc-22328fbf-4dc1-4e88-b9c8-05644d153c23-r-6e8c0def" func="controller.(*InstanceHandler).createInstance" file="instance_handler.go:554"
[pod/longhorn-manager-wc2xj/longhorn-manager] time="2026-10-03T10:37:32.732287996+02:00" level=warning msg="Failed to check if replica pvc-3a5ad28a-9417-4b2d-8477-0b3188b762db-r-28acba99 transitioned to mode RW after it was last healthy" func="controller.(*VolumeController).ReconcileEngineReplicaState" file="volume_controller.go:884" accessMode=rwx controller=longhorn-volume currentEngine=pvc-3a5ad28a-9417-4b2d-8477-0b3188b762db-e-0 error="cannot parse timestamp : parsing time \"\" as \"2006-01-02T15:04:05Z07:00\": cannot parse \"\" as \"2006\"" frontend=blockdev migratable=false node=ice-nas owner=ice-nas shareEndpoint= shareState=starting state=attached volume=pvc-3a5ad28a-9417-4b2d-8477-0b3188b762db
[pod/longhorn-manager-wc2xj/longhorn-manager] time="2026-10-03T10:37:32.84426086+02:00" level=info msg="Event(v1.ObjectReference{Kind:\"Replica\", Namespace:\"longhorn-system\", Name:\"pvc-22328fbf-4dc1-4e88-b9c8-05644d153c23-r-6e8c0def\", UID:\"7e7bf977-f06b-4003-905b-257bd48cee0c\", APIVersion:\"longhorn.io/v1beta2\", ResourceVersion:\"7448467\", FieldPath:\"\"}): type: 'Normal' reason: 'Start' Starts pvc-22328fbf-4dc1-4e88-b9c8-05644d153c23-r-6e8c0def" func="record.(*eventBroadcasterImpl).StartLogging.func1" file="event.go:377"
[pod/longhorn-manager-wc2xj/longhorn-manager] time="2026-10-03T10:37:33.281380642+02:00" level=info msg="Creating a recovery backend share-manager-pvc-3a5ad28a-9417-4b2d-8477-0b3188b762db (version V1BETL65)" func="server.(*RecoveryBackendServer).Create" file="recovery_backend.go:22" service=recoveryBackend
[pod/longhorn-manager-wc2xj/longhorn-manager] time="2026-10-03T10:37:33.285515905+02:00" level=info msg="Reading clients from recovery backend share-manager-pvc-3a5ad28a-9417-4b2d-8477-0b3188b762db" func="server.(*RecoveryBackendServer).RecoveryBackendReadClientIDs" file="recovery_backend.go:68" service=recoveryBackend
[pod/longhorn-manager-wc2xj/longhorn-manager] time="2026-10-03T10:37:33.285569241+02:00" level=info msg="Reading clients from recovery backend recovery-backend-share-manager-pvc-3a5ad28a-9417-4b2d-8477-0b3188b762db" func="backend.(*RecoveryBackend).ReadClientIDs" file="configmap.go:186" service=recoveryBackend
[pod/longhorn-manager-wc2xj/longhorn-manager] time="2026-10-03T10:37:33.28756626+02:00" level=info msg="Annotation version is not existing in recovery backend recovery-backend-share-manager-pvc-3a5ad28a-9417-4b2d-8477-0b3188b762db" func="backend.(*RecoveryBackend).ReadClientIDs" file="configmap.go:195" service=recoveryBackend
[pod/longhorn-manager-wc2xj/longhorn-manager] time="2026-10-03T10:37:33.288730235+02:00" level=info msg="Ending grace for recovery backend share-manager-pvc-3a5ad28a-9417-4b2d-8477-0b3188b762db (version V1BETL65)" func="server.(*RecoveryBackendServer).EndGrace" file="recovery_backend.go:36" service=recoveryBackend
[pod/longhorn-manager-wc2xj/longhorn-manager] time="2026-10-03T10:37:33.620858975+02:00" level=info msg="Instance pvc-22328fbf-4dc1-4e88-b9c8-05644d153c23-r-6e8c0def state is updated from stopped to starting" func="controller.(*InstanceHandler).ReconcileInstanceState.func1" file="instance_handler.go:339" dataEngine=v1 instance=pvc-22328fbf-4dc1-4e88-b9c8-05644d153c23-r-6e8c0def instanceManager=instance-manager-d0100621e770a03acc949c1dfd0087de specNodeID=ice-nas volumeName=pvc-22328fbf-4dc1-4e88-b9c8-05644d153c23
[pod/longhorn-manager-wc2xj/longhorn-manager] time="2026-10-03T10:37:33.653498975+02:00" level=warning msg="Failed to check if replica pvc-2f84890d-780d-4c5a-b1c1-3021677c9961-r-218c33b0 transitioned to mode RW after it was last healthy" func="controller.(*VolumeController).ReconcileEngineReplicaState" file="volume_controller.go:884" accessMode=rwx controller=longhorn-volume currentEngine=pvc-2f84890d-780d-4c5a-b1c1-3021677c9961-e-0 error="cannot parse timestamp : parsing time \"\" as \"2006-01-02T15:04:05Z07:00\": cannot parse \"\" as \"2006\"" frontend=blockdev migratable=false node=ice-nas owner=ice-nas shareEndpoint= shareState=starting state=attached volume=pvc-2f84890d-780d-4c5a-b1c1-3021677c9961
[pod/longhorn-manager-wc2xj/longhorn-manager] time="2026-10-03T10:37:34.615744078+02:00" level=info msg="Instance pvc-22328fbf-4dc1-4e88-b9c8-05644d153c23-r-6e8c0def state is updated from starting to running" func="controller.(*InstanceHandler).ReconcileInstanceState.func1" file="instance_handler.go:339" dataEngine=v1 instance=pvc-22328fbf-4dc1-4e88-b9c8-05644d153c23-r-6e8c0def instanceManager=instance-manager-d0100621e770a03acc949c1dfd0087de specNodeID=ice-nas volumeName=pvc-22328fbf-4dc1-4e88-b9c8-05644d153c23
[pod/longhorn-manager-wc2xj/longhorn-manager] time="2026-10-03T10:37:34.632324646+02:00" level=info msg="Request (user: system:serviceaccount:longhorn-system:longhorn-service-account, longhorn.io/v1beta2, Kind=Engine, namespace: longhorn-system, name: pvc-22328fbf-4dc1-4e88-b9c8-05644d153c23-e-0, operation: UPDATE) patchOps: [{\"op\": \"replace\", \"path\": \"/metadata/labels\", \"value\": {\"longhornnode\":\"ice-nas\",\"longhornvolume\":\"pvc-22328fbf-4dc1-4e88-b9c8-05644d153c23\"}},{\"op\": \"replace\", \"path\": \"/metadata/finalizers\", \"value\": [\"longhorn.io\"]}]" func="admission.(*Handler).admit" file="admission.go:115" service=admissionWebhook
[pod/longhorn-manager-wc2xj/longhorn-manager] time="2026-10-03T10:37:34.646231509+02:00" level=info msg="Updating engine current replica address map to map[pvc-22328fbf-4dc1-4e88-b9c8-05644d153c23-r-6e8c0def:10.42.0.207:10066]" func="controller.(*EngineController).syncEngine" file="engine_controller.go:367" controller=longhorn-engine engine=pvc-22328fbf-4dc1-4e88-b9c8-05644d153c23-e-0 node=ice-nas
[pod/longhorn-manager-wc2xj/longhorn-manager] time="2026-10-03T10:37:34.761680722+02:00" level=info msg="Creating instance pvc-22328fbf-4dc1-4e88-b9c8-05644d153c23-e-0" func="controller.(*InstanceHandler).createInstance" file="instance_handler.go:554"
[pod/longhorn-manager-wc2xj/longhorn-manager] time="2026-10-03T10:37:34.884748404+02:00" level=info msg="Event(v1.ObjectReference{Kind:\"Engine\", Namespace:\"longhorn-system\", Name:\"pvc-22328fbf-4dc1-4e88-b9c8-05644d153c23-e-0\", UID:\"543502fa-3e45-49de-ad2c-6d551a4bf011\", APIVersion:\"longhorn.io/v1beta2\", ResourceVersion:\"7448505\", FieldPath:\"\"}): type: 'Normal' reason: 'Start' Starts pvc-22328fbf-4dc1-4e88-b9c8-05644d153c23-e-0" func="record.(*eventBroadcasterImpl).StartLogging.func1" file="event.go:377"
[pod/longhorn-manager-wc2xj/longhorn-manager] time="2026-10-03T10:37:35.620797989+02:00" level=info msg="Instance pvc-22328fbf-4dc1-4e88-b9c8-05644d153c23-e-0 state is updated from stopped to starting" func="controller.(*InstanceHandler).ReconcileInstanceState.func1" file="instance_handler.go:339" dataEngine=v1 instance=pvc-22328fbf-4dc1-4e88-b9c8-05644d153c23-e-0 instanceManager=instance-manager-d0100621e770a03acc949c1dfd0087de specNodeID=ice-nas volumeName=pvc-22328fbf-4dc1-4e88-b9c8-05644d153c23
[pod/longhorn-manager-wc2xj/longhorn-manager] time="2026-10-03T10:37:37.622655341+02:00" level=info msg="Instance pvc-22328fbf-4dc1-4e88-b9c8-05644d153c23-e-0 state is updated from starting to running" func="controller.(*InstanceHandler).ReconcileInstanceState.func1" file="instance_handler.go:339" dataEngine=v1 instance=pvc-22328fbf-4dc1-4e88-b9c8-05644d153c23-e-0 instanceManager=instance-manager-d0100621e770a03acc949c1dfd0087de specNodeID=ice-nas volumeName=pvc-22328fbf-4dc1-4e88-b9c8-05644d153c23
[pod/longhorn-manager-wc2xj/longhorn-manager] time="2026-10-03T10:37:37.622862683+02:00" level=info msg="Starting monitoring engine" func="controller.(*EngineMonitor).Run" file="engine_controller.go:946" controller=longhorn-engine engine=pvc-22328fbf-4dc1-4e88-b9c8-05644d153c23-e-0 node=ice-nas
[pod/longhorn-manager-wc2xj/longhorn-manager] time="2026-10-03T10:37:37.637044916+02:00" level=info msg="Event(v1.ObjectReference{Kind:\"Volume\", Namespace:\"longhorn-system\", Name:\"pvc-22328fbf-4dc1-4e88-b9c8-05644d153c23\", UID:\"e869000c-9b84-44bf-90a9-438c86191570\", APIVersion:\"longhorn.io/v1beta2\", ResourceVersion:\"7448472\", FieldPath:\"\"}): type: 'Normal' reason: 'Attached' volume pvc-22328fbf-4dc1-4e88-b9c8-05644d153c23 has been attached to ice-nas" func="record.(*eventBroadcasterImpl).StartLogging.func1" file="event.go:377"
[pod/longhorn-manager-wc2xj/longhorn-manager] time="2026-10-03T10:37:38.153419946+02:00" level=info msg="Adding client '21:Linux NFSv4.1 ice-nas' to the recovery backend share-manager-pvc-3a5ad28a-9417-4b2d-8477-0b3188b762db (version V1BETL65)" func="server.(*RecoveryBackendServer).AddClientID" file="recovery_backend.go:51" service=recoveryBackend
[pod/longhorn-manager-wc2xj/longhorn-manager] time="2026-10-03T10:37:38.153464742+02:00" level=info msg="Adding client '21:Linux NFSv4.1 ice-nas' in recovery backend recovery-backend-share-manager-pvc-3a5ad28a-9417-4b2d-8477-0b3188b762db (version V1BETL65)" func="backend.(*RecoveryBackend).AddClientID" file="configmap.go:109" service=recoveryBackend
[pod/longhorn-manager-wc2xj/longhorn-manager] time="2026-10-03T10:37:38.233751042+02:00" level=info msg="Adding client '21:Linux NFSv4.1 ice-nas' to the recovery backend share-manager-pvc-2f84890d-780d-4c5a-b1c1-3021677c9961 (version C9VDRMSV)" func="server.(*RecoveryBackendServer).AddClientID" file="recovery_backend.go:51" service=recoveryBackend
[pod/longhorn-manager-wc2xj/longhorn-manager] time="2026-10-03T10:37:38.233812308+02:00" level=info msg="Adding client '21:Linux NFSv4.1 ice-nas' in recovery backend recovery-backend-share-manager-pvc-2f84890d-780d-4c5a-b1c1-3021677c9961 (version C9VDRMSV)" func="backend.(*RecoveryBackend).AddClientID" file="configmap.go:109" service=recoveryBackend
[pod/longhorn-manager-wc2xj/longhorn-manager] time="2026-10-03T10:37:42.103599743+02:00" level=info msg="Share-manager pod share-manager-pvc-22328fbf-4dc1-4e88-b9c8-05644d153c23 for volume pvc-22328fbf-4dc1-4e88-b9c8-05644d153c23 reports unusable phase Failed" func="controller.(*ShareManagerController).createShareManagerAttachmentTicket" file="share_manager_controller.go:538" controller=longhorn-share-manager node=ice-nas owner=ice-nas shareManager=pvc-22328fbf-4dc1-4e88-b9c8-05644d153c23 state=starting volume=pvc-22328fbf-4dc1-4e88-b9c8-05644d153c23
[pod/longhorn-manager-wc2xj/longhorn-manager] time="2026-10-03T10:37:42.103705382+02:00" level=info msg="Share manager pod pvc-22328fbf-4dc1-4e88-b9c8-05644d153c23 in unexpected phase: Failed, setting sharemanager to error state." func="controller.(*ShareManagerController).syncShareManagerPod" file="share_manager_controller.go:998" controller=longhorn-share-manager node=ice-nas owner=ice-nas shareManager=pvc-22328fbf-4dc1-4e88-b9c8-05644d153c23 state=starting volume=pvc-22328fbf-4dc1-4e88-b9c8-05644d153c23
[pod/longhorn-manager-wc2xj/longhorn-manager] time="2026-10-03T10:37:42.103767703+02:00" level=info msg="Deleting share manager pod" func="controller.(*ShareManagerController).cleanupShareManagerPod" file="share_manager_controller.go:816" controller=longhorn-share-manager node=ice-nas owner=ice-nas shareManager=pvc-22328fbf-4dc1-4e88-b9c8-05644d153c23 state=error volume=pvc-22328fbf-4dc1-4e88-b9c8-05644d153c23
[pod/longhorn-manager-wc2xj/longhorn-manager] time="2026-10-03T10:37:42.115926191+02:00" level=info msg="Event(v1.ObjectReference{Kind:\"Volume\", Namespace:\"longhorn-system\", Name:\"pvc-22328fbf-4dc1-4e88-b9c8-05644d153c23\", UID:\"e869000c-9b84-44bf-90a9-438c86191570\", APIVersion:\"longhorn.io/v1beta2\", ResourceVersion:\"7448530\", FieldPath:\"\"}): type: 'Normal' reason: 'Remount' Volume pvc-22328fbf-4dc1-4e88-b9c8-05644d153c23 requested remount at 2026-10-03T08:37:42Z" func="record.(*eventBroadcasterImpl).StartLogging.func1" file="event.go:377"
[pod/longhorn-manager-wc2xj/longhorn-manager] time="2026-10-03T10:37:42.215106255+02:00" level=info msg="Starting share manager" func="controller.(*ShareManagerController).syncShareManagerVolume" file="share_manager_controller.go:724" controller=longhorn-share-manager node=ice-nas owner=ice-nas shareManager=pvc-22328fbf-4dc1-4e88-b9c8-05644d153c23 state=error volume=pvc-22328fbf-4dc1-4e88-b9c8-05644d153c23
[pod/longhorn-manager-wc2xj/longhorn-manager] time="2026-10-03T10:37:42.215193878+02:00" level=info msg="No share-manager pod yet to attach the volume pvc-22328fbf-4dc1-4e88-b9c8-05644d153c23" func="controller.(*ShareManagerController).createShareManagerAttachmentTicket" file="share_manager_controller.go:530" controller=longhorn-share-manager node=ice-nas owner=ice-nas shareManager=pvc-22328fbf-4dc1-4e88-b9c8-05644d153c23 state=starting volume=pvc-22328fbf-4dc1-4e88-b9c8-05644d153c23
[pod/longhorn-manager-wc2xj/longhorn-manager] time="2026-10-03T10:37:42.215322595+02:00" level=info msg="Creating pod for share manager pvc-22328fbf-4dc1-4e88-b9c8-05644d153c23" func="controller.(*ShareManagerController).syncShareManagerPod" file="share_manager_controller.go:917" controller=longhorn-share-manager node=ice-nas owner=ice-nas shareManager=pvc-22328fbf-4dc1-4e88-b9c8-05644d153c23 state=starting volume=pvc-22328fbf-4dc1-4e88-b9c8-05644d153c23
[pod/longhorn-manager-wc2xj/longhorn-manager] time="2026-10-03T10:37:42.231171634+02:00" level=info msg="Created pod for share manager on node " func="controller.(*ShareManagerController).createShareManagerPod" file="share_manager_controller.go:1370" controller=longhorn-share-manager node=ice-nas owner=ice-nas pod=share-manager-pvc-22328fbf-4dc1-4e88-b9c8-05644d153c23 shareManager=pvc-22328fbf-4dc1-4e88-b9c8-05644d153c23 state=starting volume=pvc-22328fbf-4dc1-4e88-b9c8-05644d153c23
[pod/longhorn-manager-wc2xj/longhorn-manager] time="2026-10-03T10:37:42.231304552+02:00" level=warning msg="Failed to check IsNodeDownOrDeleted() when syncShareManagerPod" func="controller.(*ShareManagerController).syncShareManagerPod" file="share_manager_controller.go:949" controller=longhorn-share-manager error="no node name provided to check node down or deleted" node=ice-nas owner=ice-nas shareManager=pvc-22328fbf-4dc1-4e88-b9c8-05644d153c23 state=starting volume=pvc-22328fbf-4dc1-4e88-b9c8-05644d153c23
[pod/longhorn-manager-wc2xj/longhorn-manager] time="2026-10-03T10:37:42.236305944+02:00" level=info msg="Event(v1.ObjectReference{Kind:\"Volume\", Namespace:\"longhorn-system\", Name:\"pvc-22328fbf-4dc1-4e88-b9c8-05644d153c23\", UID:\"e869000c-9b84-44bf-90a9-438c86191570\", APIVersion:\"longhorn.io/v1beta2\", ResourceVersion:\"7448561\", FieldPath:\"\"}): type: 'Normal' reason: 'Remount' Volume pvc-22328fbf-4dc1-4e88-b9c8-05644d153c23 requested remount at 2026-10-03T08:37:42Z" func="record.(*eventBroadcasterImpl).StartLogging.func1" file="event.go:377"
[pod/longhorn-manager-wc2xj/longhorn-manager] time="2026-10-03T10:37:42.652699454+02:00" level=warning msg="Failed to check if replica pvc-22328fbf-4dc1-4e88-b9c8-05644d153c23-r-6e8c0def transitioned to mode RW after it was last healthy" func="controller.(*VolumeController).ReconcileEngineReplicaState" file="volume_controller.go:884" accessMode=rwx controller=longhorn-volume currentEngine=pvc-22328fbf-4dc1-4e88-b9c8-05644d153c23-e-0 error="cannot parse timestamp : parsing time \"\" as \"2006-01-02T15:04:05Z07:00\": cannot parse \"\" as \"2006\"" frontend=blockdev migratable=false node=ice-nas owner=ice-nas shareEndpoint= shareState=starting state=attached volume=pvc-22328fbf-4dc1-4e88-b9c8-05644d153c23
[pod/longhorn-manager-wc2xj/longhorn-manager] time="2026-10-03T10:37:42.656605663+02:00" level=info msg="Request (user: system:serviceaccount:longhorn-system:longhorn-service-account, longhorn.io/v1beta2, Kind=Replica, namespace: longhorn-system, name: pvc-22328fbf-4dc1-4e88-b9c8-05644d153c23-r-6e8c0def, operation: UPDATE) patchOps: [{\"op\": \"replace\", \"path\": \"/metadata/labels\", \"value\": {\"longhorn.io/backing-image\":\"\",\"longhorndiskuuid\":\"bea4e432-42a0-42dc-8983-d31dbe1230b7\",\"longhornnode\":\"ice-nas\",\"longhornvolume\":\"pvc-22328fbf-4dc1-4e88-b9c8-05644d153c23\"}},{\"op\": \"replace\", \"path\": \"/metadata/finalizers\", \"value\": [\"longhorn.io\"]}]" func="admission.(*Handler).admit" file="admission.go:115" service=admissionWebhook
[pod/longhorn-manager-wc2xj/longhorn-manager] time="2026-10-03T10:37:47.077886898+02:00" level=info msg="Share-manager pod share-manager-pvc-22328fbf-4dc1-4e88-b9c8-05644d153c23 for volume pvc-22328fbf-4dc1-4e88-b9c8-05644d153c23 reports unusable phase Failed" func="controller.(*ShareManagerController).createShareManagerAttachmentTicket" file="share_manager_controller.go:538" controller=longhorn-share-manager node=ice-nas owner=ice-nas shareManager=pvc-22328fbf-4dc1-4e88-b9c8-05644d153c23 state=starting volume=pvc-22328fbf-4dc1-4e88-b9c8-05644d153c23
[pod/longhorn-manager-wc2xj/longhorn-manager] time="2026-10-03T10:37:47.07804879+02:00" level=info msg="Share manager pod pvc-22328fbf-4dc1-4e88-b9c8-05644d153c23 in unexpected phase: Failed, setting sharemanager to error state." func="controller.(*ShareManagerController).syncShareManagerPod" file="share_manager_controller.go:998" controller=longhorn-share-manager node=ice-nas owner=ice-nas shareManager=pvc-22328fbf-4dc1-4e88-b9c8-05644d153c23 state=starting volume=pvc-22328fbf-4dc1-4e88-b9c8-05644d153c23
[pod/longhorn-manager-wc2xj/longhorn-manager] time="2026-10-03T10:37:47.078135581+02:00" level=info msg="Deleting share manager pod" func="controller.(*ShareManagerController).cleanupShareManagerPod" file="share_manager_controller.go:816" controller=longhorn-share-manager node=ice-nas owner=ice-nas shareManager=pvc-22328fbf-4dc1-4e88-b9c8-05644d153c23 state=error volume=pvc-22328fbf-4dc1-4e88-b9c8-05644d153c23
[pod/longhorn-manager-wc2xj/longhorn-manager] time="2026-10-03T10:37:47.091763747+02:00" level=info msg="Event(v1.ObjectReference{Kind:\"Volume\", Namespace:\"longhorn-system\", Name:\"pvc-22328fbf-4dc1-4e88-b9c8-05644d153c23\", UID:\"e869000c-9b84-44bf-90a9-438c86191570\", APIVersion:\"longhorn.io/v1beta2\", ResourceVersion:\"7448577\", FieldPath:\"\"}): type: 'Normal' reason: 'Remount' Volume pvc-22328fbf-4dc1-4e88-b9c8-05644d153c23 requested remount at 2026-10-03T08:37:47Z" func="record.(*eventBroadcasterImpl).StartLogging.func1" file="event.go:377"
[pod/longhorn-manager-wc2xj/longhorn-manager] time="2026-10-03T10:37:47.191207495+02:00" level=info msg="Starting share manager" func="controller.(*ShareManagerController).syncShareManagerVolume" file="share_manager_controller.go:724" controller=longhorn-share-manager node=ice-nas owner=ice-nas shareManager=pvc-22328fbf-4dc1-4e88-b9c8-05644d153c23 state=error volume=pvc-22328fbf-4dc1-4e88-b9c8-05644d153c23
[pod/longhorn-manager-wc2xj/longhorn-manager] time="2026-10-03T10:37:47.191314076+02:00" level=info msg="No share-manager pod yet to attach the volume pvc-22328fbf-4dc1-4e88-b9c8-05644d153c23" func="controller.(*ShareManagerController).createShareManagerAttachmentTicket" file="share_manager_controller.go:530" controller=longhorn-share-manager node=ice-nas owner=ice-nas shareManager=pvc-22328fbf-4dc1-4e88-b9c8-05644d153c23 state=starting volume=pvc-22328fbf-4dc1-4e88-b9c8-05644d153c23
[pod/longhorn-manager-wc2xj/longhorn-manager] time="2026-10-03T10:37:47.191387164+02:00" level=info msg="Creating pod for share manager pvc-22328fbf-4dc1-4e88-b9c8-05644d153c23" func="controller.(*ShareManagerController).syncShareManagerPod" file="share_manager_controller.go:917" controller=longhorn-share-manager node=ice-nas owner=ice-nas shareManager=pvc-22328fbf-4dc1-4e88-b9c8-05644d153c23 state=starting volume=pvc-22328fbf-4dc1-4e88-b9c8-05644d153c23
[pod/longhorn-manager-wc2xj/longhorn-manager] time="2026-10-03T10:37:47.204947596+02:00" level=info msg="Created pod for share manager on node " func="controller.(*ShareManagerController).createShareManagerPod" file="share_manager_controller.go:1370" controller=longhorn-share-manager node=ice-nas owner=ice-nas pod=share-manager-pvc-22328fbf-4dc1-4e88-b9c8-05644d153c23 shareManager=pvc-22328fbf-4dc1-4e88-b9c8-05644d153c23 state=starting volume=pvc-22328fbf-4dc1-4e88-b9c8-05644d153c23
[pod/longhorn-manager-wc2xj/longhorn-manager] time="2026-10-03T10:37:47.205100213+02:00" level=warning msg="Failed to check IsNodeDownOrDeleted() when syncShareManagerPod" func="controller.(*ShareManagerController).syncShareManagerPod" file="share_manager_controller.go:949" controller=longhorn-share-manager error="no node name provided to check node down or deleted" node=ice-nas owner=ice-nas shareManager=pvc-22328fbf-4dc1-4e88-b9c8-05644d153c23 state=starting volume=pvc-22328fbf-4dc1-4e88-b9c8-05644d153c23
[pod/longhorn-manager-wc2xj/longhorn-manager] time="2026-10-03T10:37:47.204976337+02:00" level=info msg="Event(v1.ObjectReference{Kind:\"Volume\", Namespace:\"longhorn-system\", Name:\"pvc-22328fbf-4dc1-4e88-b9c8-05644d153c23\", UID:\"e869000c-9b84-44bf-90a9-438c86191570\", APIVersion:\"longhorn.io/v1beta2\", ResourceVersion:\"7448608\", FieldPath:\"\"}): type: 'Normal' reason: 'Remount' Volume pvc-22328fbf-4dc1-4e88-b9c8-05644d153c23 requested remount at 2026-10-03T08:37:47Z" func="record.(*eventBroadcasterImpl).StartLogging.func1" file="event.go:377"
[pod/longhorn-manager-wc2xj/longhorn-manager] time="2026-10-03T10:37:51.955958227+02:00" level=info msg="Share-manager pod share-manager-pvc-22328fbf-4dc1-4e88-b9c8-05644d153c23 for volume pvc-22328fbf-4dc1-4e88-b9c8-05644d153c23 reports unusable phase Failed" func="controller.(*ShareManagerController).createShareManagerAttachmentTicket" file="share_manager_controller.go:538" controller=longhorn-share-manager node=ice-nas owner=ice-nas shareManager=pvc-22328fbf-4dc1-4e88-b9c8-05644d153c23 state=starting volume=pvc-22328fbf-4dc1-4e88-b9c8-05644d153c23
[pod/longhorn-manager-wc2xj/longhorn-manager] time="2026-10-03T10:37:51.956099824+02:00" level=info msg="Share manager pod pvc-22328fbf-4dc1-4e88-b9c8-05644d153c23 in unexpected phase: Failed, setting sharemanager to error state." func="controller.(*ShareManagerController).syncShareManagerPod" file="share_manager_controller.go:998" controller=longhorn-share-manager node=ice-nas owner=ice-nas shareManager=pvc-22328fbf-4dc1-4e88-b9c8-05644d153c23 state=starting volume=pvc-22328fbf-4dc1-4e88-b9c8-05644d153c23
[pod/longhorn-manager-wc2xj/longhorn-manager] time="2026-10-03T10:37:51.956196035+02:00" level=info msg="Deleting share manager pod" func="controller.(*ShareManagerController).cleanupShareManagerPod" file="share_manager_controller.go:816" controller=longhorn-share-manager node=ice-nas owner=ice-nas shareManager=pvc-22328fbf-4dc1-4e88-b9c8-05644d153c23 state=error volume=pvc-22328fbf-4dc1-4e88-b9c8-05644d153c23
[pod/longhorn-manager-wc2xj/longhorn-manager] time="2026-10-03T10:37:51.969394079+02:00" level=info msg="Event(v1.ObjectReference{Kind:\"Volume\", Namespace:\"longhorn-system\", Name:\"pvc-22328fbf-4dc1-4e88-b9c8-05644d153c23\", UID:\"e869000c-9b84-44bf-90a9-438c86191570\", APIVersion:\"longhorn.io/v1beta2\", ResourceVersion:\"7448614\", FieldPath:\"\"}): type: 'Normal' reason: 'Remount' Volume pvc-22328fbf-4dc1-4e88-b9c8-05644d153c23 requested remount at 2026-10-03T08:37:51Z" func="record.(*eventBroadcasterImpl).StartLogging.func1" file="event.go:377"
[pod/longhorn-manager-wc2xj/longhorn-manager] time="2026-10-03T10:37:52.069041816+02:00" level=info msg="Starting share manager" func="controller.(*ShareManagerController).syncShareManagerVolume" file="share_manager_controller.go:724" controller=longhorn-share-manager node=ice-nas owner=ice-nas shareManager=pvc-22328fbf-4dc1-4e88-b9c8-05644d153c23 state=error volume=pvc-22328fbf-4dc1-4e88-b9c8-05644d153c23
[pod/longhorn-manager-wc2xj/longhorn-manager] time="2026-10-03T10:37:52.06909137+02:00" level=info msg="No share-manager pod yet to attach the volume pvc-22328fbf-4dc1-4e88-b9c8-05644d153c23" func="controller.(*ShareManagerController).createShareManagerAttachmentTicket" file="share_manager_controller.go:530" controller=longhorn-share-manager node=ice-nas owner=ice-nas shareManager=pvc-22328fbf-4dc1-4e88-b9c8-05644d153c23 state=starting volume=pvc-22328fbf-4dc1-4e88-b9c8-05644d153c23
[pod/longhorn-manager-wc2xj/longhorn-manager] time="2026-10-03T10:37:52.069130674+02:00" level=info msg="Creating pod for share manager pvc-22328fbf-4dc1-4e88-b9c8-05644d153c23" func="controller.(*ShareManagerController).syncShareManagerPod" file="share_manager_controller.go:917" controller=longhorn-share-manager node=ice-nas owner=ice-nas shareManager=pvc-22328fbf-4dc1-4e88-b9c8-05644d153c23 state=starting volume=pvc-22328fbf-4dc1-4e88-b9c8-05644d153c23
[pod/longhorn-manager-wc2xj/longhorn-manager] time="2026-10-03T10:37:52.080950592+02:00" level=info msg="Event(v1.ObjectReference{Kind:\"Volume\", Namespace:\"longhorn-system\", Name:\"pvc-22328fbf-4dc1-4e88-b9c8-05644d153c23\", UID:\"e869000c-9b84-44bf-90a9-438c86191570\", APIVersion:\"longhorn.io/v1beta2\", ResourceVersion:\"7448646\", FieldPath:\"\"}): type: 'Normal' reason: 'Remount' Volume pvc-22328fbf-4dc1-4e88-b9c8-05644d153c23 requested remount at 2026-10-03T08:37:52Z" func="record.(*eventBroadcasterImpl).StartLogging.func1" file="event.go:377"
[pod/longhorn-manager-wc2xj/longhorn-manager] time="2026-10-03T10:37:52.081897102+02:00" level=info msg="Created pod for share manager on node " func="controller.(*ShareManagerController).createShareManagerPod" file="share_manager_controller.go:1370" controller=longhorn-share-manager node=ice-nas owner=ice-nas pod=share-manager-pvc-22328fbf-4dc1-4e88-b9c8-05644d153c23 shareManager=pvc-22328fbf-4dc1-4e88-b9c8-05644d153c23 state=starting volume=pvc-22328fbf-4dc1-4e88-b9c8-05644d153c23
[pod/longhorn-manager-wc2xj/longhorn-manager] time="2026-10-03T10:37:52.082077722+02:00" level=warning msg="Failed to check IsNodeDownOrDeleted() when syncShareManagerPod" func="controller.(*ShareManagerController).syncShareManagerPod" file="share_manager_controller.go:949" controller=longhorn-share-manager error="no node name provided to check node down or deleted" node=ice-nas owner=ice-nas shareManager=pvc-22328fbf-4dc1-4e88-b9c8-05644d153c23 state=starting volume=pvc-22328fbf-4dc1-4e88-b9c8-05644d153c23
[pod/longhorn-manager-wc2xj/longhorn-manager] time="2026-10-03T10:38:00.764031208+02:00" level=info msg="Share-manager pod share-manager-pvc-22328fbf-4dc1-4e88-b9c8-05644d153c23 for volume pvc-22328fbf-4dc1-4e88-b9c8-05644d153c23 reports unusable phase Failed" func="controller.(*ShareManagerController).createShareManagerAttachmentTicket" file="share_manager_controller.go:538" controller=longhorn-share-manager node=ice-nas owner=ice-nas shareManager=pvc-22328fbf-4dc1-4e88-b9c8-05644d153c23 state=starting volume=pvc-22328fbf-4dc1-4e88-b9c8-05644d153c23
[pod/longhorn-manager-wc2xj/longhorn-manager] time="2026-10-03T10:38:00.764231433+02:00" level=info msg="Share manager pod pvc-22328fbf-4dc1-4e88-b9c8-05644d153c23 in unexpected phase: Failed, setting sharemanager to error state." func="controller.(*ShareManagerController).syncShareManagerPod" file="share_manager_controller.go:998" controller=longhorn-share-manager node=ice-nas owner=ice-nas shareManager=pvc-22328fbf-4dc1-4e88-b9c8-05644d153c23 state=starting volume=pvc-22328fbf-4dc1-4e88-b9c8-05644d153c23
[pod/longhorn-manager-wc2xj/longhorn-manager] time="2026-10-03T10:38:00.764394996+02:00" level=info msg="Deleting share manager pod" func="controller.(*ShareManagerController).cleanupShareManagerPod" file="share_manager_controller.go:816" controller=longhorn-share-manager node=ice-nas owner=ice-nas shareManager=pvc-22328fbf-4dc1-4e88-b9c8-05644d153c23 state=error volume=pvc-22328fbf-4dc1-4e88-b9c8-05644d153c23
[pod/longhorn-manager-wc2xj/longhorn-manager] time="2026-10-03T10:38:00.781894552+02:00" level=info msg="Event(v1.ObjectReference{Kind:\"Volume\", Namespace:\"longhorn-system\", Name:\"pvc-22328fbf-4dc1-4e88-b9c8-05644d153c23\", UID:\"e869000c-9b84-44bf-90a9-438c86191570\", APIVersion:\"longhorn.io/v1beta2\", ResourceVersion:\"7448655\", FieldPath:\"\"}): type: 'Normal' reason: 'Remount' Volume pvc-22328fbf-4dc1-4e88-b9c8-05644d153c23 requested remount at 2026-10-03T08:38:00Z" func="record.(*eventBroadcasterImpl).StartLogging.func1" file="event.go:377"
[pod/longhorn-manager-wc2xj/longhorn-manager] time="2026-10-03T10:38:00.794904583+02:00" level=info msg="Event(v1.ObjectReference{Kind:\"Volume\", Namespace:\"longhorn-system\", Name:\"pvc-22328fbf-4dc1-4e88-b9c8-05644d153c23\", UID:\"e869000c-9b84-44bf-90a9-438c86191570\", APIVersion:\"longhorn.io/v1beta2\", ResourceVersion:\"7448694\", FieldPath:\"\"}): type: 'Normal' reason: 'Remount' Volume pvc-22328fbf-4dc1-4e88-b9c8-05644d153c23 requested remount at 2026-10-03T08:38:00Z" func="record.(*eventBroadcasterImpl).StartLogging.func1" file="event.go:377"
[pod/longhorn-manager-wc2xj/longhorn-manager] time="2026-10-03T10:38:00.882014091+02:00" level=info msg="Starting share manager" func="controller.(*ShareManagerController).syncShareManagerVolume" file="share_manager_controller.go:724" controller=longhorn-share-manager node=ice-nas owner=ice-nas shareManager=pvc-22328fbf-4dc1-4e88-b9c8-05644d153c23 state=error volume=pvc-22328fbf-4dc1-4e88-b9c8-05644d153c23
[pod/longhorn-manager-wc2xj/longhorn-manager] time="2026-10-03T10:38:00.882096358+02:00" level=info msg="No share-manager pod yet to attach the volume pvc-22328fbf-4dc1-4e88-b9c8-05644d153c23" func="controller.(*ShareManagerController).createShareManagerAttachmentTicket" file="share_manager_controller.go:530" controller=longhorn-share-manager node=ice-nas owner=ice-nas shareManager=pvc-22328fbf-4dc1-4e88-b9c8-05644d153c23 state=starting volume=pvc-22328fbf-4dc1-4e88-b9c8-05644d153c23
[pod/longhorn-manager-wc2xj/longhorn-manager] time="2026-10-03T10:38:00.88217477+02:00" level=info msg="Creating pod for share manager pvc-22328fbf-4dc1-4e88-b9c8-05644d153c23" func="controller.(*ShareManagerController).syncShareManagerPod" file="share_manager_controller.go:917" controller=longhorn-share-manager node=ice-nas owner=ice-nas shareManager=pvc-22328fbf-4dc1-4e88-b9c8-05644d153c23 state=starting volume=pvc-22328fbf-4dc1-4e88-b9c8-05644d153c23
[pod/longhorn-manager-wc2xj/longhorn-manager] time="2026-10-03T10:38:01.069764781+02:00" level=info msg="Created pod for share manager on node " func="controller.(*ShareManagerController).createShareManagerPod" file="share_manager_controller.go:1370" controller=longhorn-share-manager node=ice-nas owner=ice-nas pod=share-manager-pvc-22328fbf-4dc1-4e88-b9c8-05644d153c23 shareManager=pvc-22328fbf-4dc1-4e88-b9c8-05644d153c23 state=starting volume=pvc-22328fbf-4dc1-4e88-b9c8-05644d153c23
[pod/longhorn-manager-wc2xj/longhorn-manager] time="2026-10-03T10:38:01.069943964+02:00" level=warning msg="Failed to check IsNodeDownOrDeleted() when syncShareManagerPod" func="controller.(*ShareManagerController).syncShareManagerPod" file="share_manager_controller.go:949" controller=longhorn-share-manager error="no node name provided to check node down or deleted" node=ice-nas owner=ice-nas shareManager=pvc-22328fbf-4dc1-4e88-b9c8-05644d153c23 state=starting volume=pvc-22328fbf-4dc1-4e88-b9c8-05644d153c23
[pod/longhorn-manager-wc2xj/longhorn-manager] time="2026-10-03T10:38:04.886379775+02:00" level=info msg="Share-manager pod share-manager-pvc-22328fbf-4dc1-4e88-b9c8-05644d153c23 for volume pvc-22328fbf-4dc1-4e88-b9c8-05644d153c23 reports unusable phase Failed" func="controller.(*ShareManagerController).createShareManagerAttachmentTicket" file="share_manager_controller.go:538" controller=longhorn-share-manager node=ice-nas owner=ice-nas shareManager=pvc-22328fbf-4dc1-4e88-b9c8-05644d153c23 state=starting volume=pvc-22328fbf-4dc1-4e88-b9c8-05644d153c23
[pod/longhorn-manager-wc2xj/longhorn-manager] time="2026-10-03T10:38:04.886481457+02:00" level=info msg="Share manager pod pvc-22328fbf-4dc1-4e88-b9c8-05644d153c23 in unexpected phase: Failed, setting sharemanager to error state." func="controller.(*ShareManagerController).syncShareManagerPod" file="share_manager_controller.go:998" controller=longhorn-share-manager node=ice-nas owner=ice-nas shareManager=pvc-22328fbf-4dc1-4e88-b9c8-05644d153c23 state=starting volume=pvc-22328fbf-4dc1-4e88-b9c8-05644d153c23
[pod/longhorn-manager-wc2xj/longhorn-manager] time="2026-10-03T10:38:04.886544484+02:00" level=info msg="Deleting share manager pod" func="controller.(*ShareManagerController).cleanupShareManagerPod" file="share_manager_controller.go:816" controller=longhorn-share-manager node=ice-nas owner=ice-nas shareManager=pvc-22328fbf-4dc1-4e88-b9c8-05644d153c23 state=error volume=pvc-22328fbf-4dc1-4e88-b9c8-05644d153c23
[pod/longhorn-manager-wc2xj/longhorn-manager] time="2026-10-03T10:38:04.89896883+02:00" level=info msg="Event(v1.ObjectReference{Kind:\"Volume\", Namespace:\"longhorn-system\", Name:\"pvc-22328fbf-4dc1-4e88-b9c8-05644d153c23\", UID:\"e869000c-9b84-44bf-90a9-438c86191570\", APIVersion:\"longhorn.io/v1beta2\", ResourceVersion:\"7448702\", FieldPath:\"\"}): type: 'Normal' reason: 'Remount' Volume pvc-22328fbf-4dc1-4e88-b9c8-05644d153c23 requested remount at 2026-10-03T08:38:04Z" func="record.(*eventBroadcasterImpl).StartLogging.func1" file="event.go:377"
[pod/longhorn-manager-wc2xj/longhorn-manager] time="2026-10-03T10:38:04.998474047+02:00" level=info msg="Starting share manager" func="controller.(*ShareManagerController).syncShareManagerVolume" file="share_manager_controller.go:724" controller=longhorn-share-manager node=ice-nas owner=ice-nas shareManager=pvc-22328fbf-4dc1-4e88-b9c8-05644d153c23 state=error volume=pvc-22328fbf-4dc1-4e88-b9c8-05644d153c23
[pod/longhorn-manager-wc2xj/longhorn-manager] time="2026-10-03T10:38:04.998535965+02:00" level=info msg="No share-manager pod yet to attach the volume pvc-22328fbf-4dc1-4e88-b9c8-05644d153c23" func="controller.(*ShareManagerController).createShareManagerAttachmentTicket" file="share_manager_controller.go:530" controller=longhorn-share-manager node=ice-nas owner=ice-nas shareManager=pvc-22328fbf-4dc1-4e88-b9c8-05644d153c23 state=starting volume=pvc-22328fbf-4dc1-4e88-b9c8-05644d153c23
[pod/longhorn-manager-wc2xj/longhorn-manager] time="2026-10-03T10:38:04.998592857+02:00" level=info msg="Skipping pod creation for share manager pvc-22328fbf-4dc1-4e88-b9c8-05644d153c23, will retry after backoff of 16s" func="controller.(*ShareManagerController).syncShareManagerPod" file="share_manager_controller.go:914" controller=longhorn-share-manager node=ice-nas owner=ice-nas shareManager=pvc-22328fbf-4dc1-4e88-b9c8-05644d153c23 state=starting volume=pvc-22328fbf-4dc1-4e88-b9c8-05644d153c23
[pod/longhorn-manager-wc2xj/longhorn-manager] time="2026-10-03T10:38:05.1047702+02:00" level=info msg="No share-manager pod yet to attach the volume pvc-22328fbf-4dc1-4e88-b9c8-05644d153c23" func="controller.(*ShareManagerController).createShareManagerAttachmentTicket" file="share_manager_controller.go:530" controller=longhorn-share-manager node=ice-nas owner=ice-nas shareManager=pvc-22328fbf-4dc1-4e88-b9c8-05644d153c23 state=starting volume=pvc-22328fbf-4dc1-4e88-b9c8-05644d153c23
[pod/longhorn-manager-wc2xj/longhorn-manager] time="2026-10-03T10:38:05.104899829+02:00" level=info msg="Skipping pod creation for share manager pvc-22328fbf-4dc1-4e88-b9c8-05644d153c23, will retry after backoff of 16s" func="controller.(*ShareManagerController).syncShareManagerPod" file="share_manager_controller.go:914" controller=longhorn-share-manager node=ice-nas owner=ice-nas shareManager=pvc-22328fbf-4dc1-4e88-b9c8-05644d153c23 state=starting volume=pvc-22328fbf-4dc1-4e88-b9c8-05644d153c23
[pod/longhorn-manager-wc2xj/longhorn-manager] time="2026-10-03T10:38:20.999564882+02:00" level=info msg="No share-manager pod yet to attach the volume pvc-22328fbf-4dc1-4e88-b9c8-05644d153c23" func="controller.(*ShareManagerController).createShareManagerAttachmentTicket" file="share_manager_controller.go:530" controller=longhorn-share-manager node=ice-nas owner=ice-nas shareManager=pvc-22328fbf-4dc1-4e88-b9c8-05644d153c23 state=starting volume=pvc-22328fbf-4dc1-4e88-b9c8-05644d153c23
[pod/longhorn-manager-wc2xj/longhorn-manager] time="2026-10-03T10:38:20.999699746+02:00" level=info msg="Creating pod for share manager pvc-22328fbf-4dc1-4e88-b9c8-05644d153c23" func="controller.(*ShareManagerController).syncShareManagerPod" file="share_manager_controller.go:917" controller=longhorn-share-manager node=ice-nas owner=ice-nas shareManager=pvc-22328fbf-4dc1-4e88-b9c8-05644d153c23 state=starting volume=pvc-22328fbf-4dc1-4e88-b9c8-05644d153c23
[pod/longhorn-manager-wc2xj/longhorn-manager] time="2026-10-03T10:38:21.015107016+02:00" level=info msg="Created pod for share manager on node " func="controller.(*ShareManagerController).createShareManagerPod" file="share_manager_controller.go:1370" controller=longhorn-share-manager node=ice-nas owner=ice-nas pod=share-manager-pvc-22328fbf-4dc1-4e88-b9c8-05644d153c23 shareManager=pvc-22328fbf-4dc1-4e88-b9c8-05644d153c23 state=starting volume=pvc-22328fbf-4dc1-4e88-b9c8-05644d153c23
[pod/longhorn-manager-wc2xj/longhorn-manager] time="2026-10-03T10:38:21.015297008+02:00" level=warning msg="Failed to check IsNodeDownOrDeleted() when syncShareManagerPod" func="controller.(*ShareManagerController).syncShareManagerPod" file="share_manager_controller.go:949" controller=longhorn-share-manager error="no node name provided to check node down or deleted" node=ice-nas owner=ice-nas shareManager=pvc-22328fbf-4dc1-4e88-b9c8-05644d153c23 state=starting volume=pvc-22328fbf-4dc1-4e88-b9c8-05644d153c23
[pod/longhorn-manager-wc2xj/longhorn-manager] time="2026-10-03T10:38:26.97335904+02:00" level=info msg="Share-manager pod share-manager-pvc-22328fbf-4dc1-4e88-b9c8-05644d153c23 for volume pvc-22328fbf-4dc1-4e88-b9c8-05644d153c23 reports unusable phase Failed" func="controller.(*ShareManagerController).createShareManagerAttachmentTicket" file="share_manager_controller.go:538" controller=longhorn-share-manager node=ice-nas owner=ice-nas shareManager=pvc-22328fbf-4dc1-4e88-b9c8-05644d153c23 state=starting volume=pvc-22328fbf-4dc1-4e88-b9c8-05644d153c23
[pod/longhorn-manager-wc2xj/longhorn-manager] time="2026-10-03T10:38:26.973486908+02:00" level=info msg="Share manager pod pvc-22328fbf-4dc1-4e88-b9c8-05644d153c23 in unexpected phase: Failed, setting sharemanager to error state." func="controller.(*ShareManagerController).syncShareManagerPod" file="share_manager_controller.go:998" controller=longhorn-share-manager node=ice-nas owner=ice-nas shareManager=pvc-22328fbf-4dc1-4e88-b9c8-05644d153c23 state=starting volume=pvc-22328fbf-4dc1-4e88-b9c8-05644d153c23
[pod/longhorn-manager-wc2xj/longhorn-manager] time="2026-10-03T10:38:26.973552931+02:00" level=info msg="Deleting share manager pod" func="controller.(*ShareManagerController).cleanupShareManagerPod" file="share_manager_controller.go:816" controller=longhorn-share-manager node=ice-nas owner=ice-nas shareManager=pvc-22328fbf-4dc1-4e88-b9c8-05644d153c23 state=error volume=pvc-22328fbf-4dc1-4e88-b9c8-05644d153c23
[pod/longhorn-manager-wc2xj/longhorn-manager] time="2026-10-03T10:38:26.986499059+02:00" level=info msg="Event(v1.ObjectReference{Kind:\"Volume\", Namespace:\"longhorn-system\", Name:\"pvc-22328fbf-4dc1-4e88-b9c8-05644d153c23\", UID:\"e869000c-9b84-44bf-90a9-438c86191570\", APIVersion:\"longhorn.io/v1beta2\", ResourceVersion:\"7448732\", FieldPath:\"\"}): type: 'Normal' reason: 'Remount' Volume pvc-22328fbf-4dc1-4e88-b9c8-05644d153c23 requested remount at 2026-10-03T08:38:26Z" func="record.(*eventBroadcasterImpl).StartLogging.func1" file="event.go:377"
[pod/longhorn-manager-wc2xj/longhorn-manager] time="2026-10-03T10:38:27.086480323+02:00" level=info msg="Starting share manager" func="controller.(*ShareManagerController).syncShareManagerVolume" file="share_manager_controller.go:724" controller=longhorn-share-manager node=ice-nas owner=ice-nas shareManager=pvc-22328fbf-4dc1-4e88-b9c8-05644d153c23 state=error volume=pvc-22328fbf-4dc1-4e88-b9c8-05644d153c23
[pod/longhorn-manager-wc2xj/longhorn-manager] time="2026-10-03T10:38:27.086545195+02:00" level=info msg="No share-manager pod yet to attach the volume pvc-22328fbf-4dc1-4e88-b9c8-05644d153c23" func="controller.(*ShareManagerController).createShareManagerAttachmentTicket" file="share_manager_controller.go:530" controller=longhorn-share-manager node=ice-nas owner=ice-nas shareManager=pvc-22328fbf-4dc1-4e88-b9c8-05644d153c23 state=starting volume=pvc-22328fbf-4dc1-4e88-b9c8-05644d153c23
[pod/longhorn-manager-wc2xj/longhorn-manager] time="2026-10-03T10:38:27.08660107+02:00" level=info msg="Skipping pod creation for share manager pvc-22328fbf-4dc1-4e88-b9c8-05644d153c23, will retry after backoff of 32s" func="controller.(*ShareManagerController).syncShareManagerPod" file="share_manager_controller.go:914" controller=longhorn-share-manager node=ice-nas owner=ice-nas shareManager=pvc-22328fbf-4dc1-4e88-b9c8-05644d153c23 state=starting volume=pvc-22328fbf-4dc1-4e88-b9c8-05644d153c23
[pod/longhorn-manager-wc2xj/longhorn-manager] time="2026-10-03T10:38:27.192651999+02:00" level=info msg="No share-manager pod yet to attach the volume pvc-22328fbf-4dc1-4e88-b9c8-05644d153c23" func="controller.(*ShareManagerController).createShareManagerAttachmentTicket" file="share_manager_controller.go:530" controller=longhorn-share-manager node=ice-nas owner=ice-nas shareManager=pvc-22328fbf-4dc1-4e88-b9c8-05644d153c23 state=starting volume=pvc-22328fbf-4dc1-4e88-b9c8-05644d153c23
[pod/longhorn-manager-wc2xj/longhorn-manager] time="2026-10-03T10:38:27.192726239+02:00" level=info msg="Skipping pod creation for share manager pvc-22328fbf-4dc1-4e88-b9c8-05644d153c23, will retry after backoff of 32s" func="controller.(*ShareManagerController).syncShareManagerPod" file="share_manager_controller.go:914" controller=longhorn-share-manager node=ice-nas owner=ice-nas shareManager=pvc-22328fbf-4dc1-4e88-b9c8-05644d153c23 state=starting volume=pvc-22328fbf-4dc1-4e88-b9c8-05644d153c23
[pod/longhorn-manager-wc2xj/longhorn-manager] time="2026-10-03T10:38:32.536048361+02:00" level=info msg="No share-manager pod yet to attach the volume pvc-22328fbf-4dc1-4e88-b9c8-05644d153c23" func="controller.(*ShareManagerController).createShareManagerAttachmentTicket" file="share_manager_controller.go:530" controller=longhorn-share-manager node=ice-nas owner=ice-nas shareManager=pvc-22328fbf-4dc1-4e88-b9c8-05644d153c23 state=starting volume=pvc-22328fbf-4dc1-4e88-b9c8-05644d153c23
[pod/longhorn-manager-wc2xj/longhorn-manager] time="2026-10-03T10:38:32.536135259+02:00" level=info msg="Skipping pod creation for share manager pvc-22328fbf-4dc1-4e88-b9c8-05644d153c23, will retry after backoff of 32s" func="controller.(*ShareManagerController).syncShareManagerPod" file="share_manager_controller.go:914" controller=longhorn-share-manager node=ice-nas owner=ice-nas shareManager=pvc-22328fbf-4dc1-4e88-b9c8-05644d153c23 state=starting volume=pvc-22328fbf-4dc1-4e88-b9c8-05644d153c23
[pod/longhorn-manager-wc2xj/longhorn-manager] time="2026-10-03T10:38:53.521883234+02:00" level=info msg="Request (user: system:serviceaccount:longhorn-system:longhorn-service-account, longhorn.io/v1beta2, Kind=VolumeAttachment, namespace: longhorn-system, name: pvc-22328fbf-4dc1-4e88-b9c8-05644d153c23, operation: UPDATE) patchOps: [{\"op\": \"replace\", \"path\": \"/metadata/finalizers\", \"value\": [\"longhorn.io\"]}]" func="admission.(*Handler).admit" file="admission.go:115" service=admissionWebhook
[pod/longhorn-manager-wc2xj/longhorn-manager] 10.42.0.205 - - [03/Oct/2026:10:38:53 +0200] "POST /v1/volumes/pvc-22328fbf-4dc1-4e88-b9c8-05644d153c23?action=attach HTTP/1.1" 200 9044 "" "Go-http-client/1.1"
[pod/longhorn-manager-wc2xj/longhorn-manager] time="2026-10-03T10:38:59.087850375+02:00" level=info msg="No share-manager pod yet to attach the volume pvc-22328fbf-4dc1-4e88-b9c8-05644d153c23" func="controller.(*ShareManagerController).createShareManagerAttachmentTicket" file="share_manager_controller.go:530" controller=longhorn-share-manager node=ice-nas owner=ice-nas shareManager=pvc-22328fbf-4dc1-4e88-b9c8-05644d153c23 state=starting volume=pvc-22328fbf-4dc1-4e88-b9c8-05644d153c23
[pod/longhorn-manager-wc2xj/longhorn-manager] time="2026-10-03T10:38:59.087947432+02:00" level=info msg="Creating pod for share manager pvc-22328fbf-4dc1-4e88-b9c8-05644d153c23" func="controller.(*ShareManagerController).syncShareManagerPod" file="share_manager_controller.go:917" controller=longhorn-share-manager node=ice-nas owner=ice-nas shareManager=pvc-22328fbf-4dc1-4e88-b9c8-05644d153c23 state=starting volume=pvc-22328fbf-4dc1-4e88-b9c8-05644d153c23
[pod/longhorn-manager-wc2xj/longhorn-manager] time="2026-10-03T10:38:59.195041328+02:00" level=info msg="Created pod for share manager on node " func="controller.(*ShareManagerController).createShareManagerPod" file="share_manager_controller.go:1370" controller=longhorn-share-manager node=ice-nas owner=ice-nas pod=share-manager-pvc-22328fbf-4dc1-4e88-b9c8-05644d153c23 shareManager=pvc-22328fbf-4dc1-4e88-b9c8-05644d153c23 state=starting volume=pvc-22328fbf-4dc1-4e88-b9c8-05644d153c23
[pod/longhorn-manager-wc2xj/longhorn-manager] time="2026-10-03T10:38:59.195189648+02:00" level=warning msg="Failed to check IsNodeDownOrDeleted() when syncShareManagerPod" func="controller.(*ShareManagerController).syncShareManagerPod" file="share_manager_controller.go:949" controller=longhorn-share-manager error="no node name provided to check node down or deleted" node=ice-nas owner=ice-nas shareManager=pvc-22328fbf-4dc1-4e88-b9c8-05644d153c23 state=starting volume=pvc-22328fbf-4dc1-4e88-b9c8-05644d153c23
[pod/longhorn-manager-wc2xj/longhorn-manager] time="2026-10-03T10:39:03.147572789+02:00" level=info msg="Share-manager pod share-manager-pvc-22328fbf-4dc1-4e88-b9c8-05644d153c23 for volume pvc-22328fbf-4dc1-4e88-b9c8-05644d153c23 reports unusable phase Failed" func="controller.(*ShareManagerController).createShareManagerAttachmentTicket" file="share_manager_controller.go:538" controller=longhorn-share-manager node=ice-nas owner=ice-nas shareManager=pvc-22328fbf-4dc1-4e88-b9c8-05644d153c23 state=starting volume=pvc-22328fbf-4dc1-4e88-b9c8-05644d153c23
[pod/longhorn-manager-wc2xj/longhorn-manager] time="2026-10-03T10:39:03.147679276+02:00" level=info msg="Share manager pod pvc-22328fbf-4dc1-4e88-b9c8-05644d153c23 in unexpected phase: Failed, setting sharemanager to error state." func="controller.(*ShareManagerController).syncShareManagerPod" file="share_manager_controller.go:998" controller=longhorn-share-manager node=ice-nas owner=ice-nas shareManager=pvc-22328fbf-4dc1-4e88-b9c8-05644d153c23 state=starting volume=pvc-22328fbf-4dc1-4e88-b9c8-05644d153c23
[pod/longhorn-manager-wc2xj/longhorn-manager] time="2026-10-03T10:39:03.147737648+02:00" level=info msg="Deleting share manager pod" func="controller.(*ShareManagerController).cleanupShareManagerPod" file="share_manager_controller.go:816" controller=longhorn-share-manager node=ice-nas owner=ice-nas shareManager=pvc-22328fbf-4dc1-4e88-b9c8-05644d153c23 state=error volume=pvc-22328fbf-4dc1-4e88-b9c8-05644d153c23
[pod/longhorn-manager-wc2xj/longhorn-manager] time="2026-10-03T10:39:03.159808934+02:00" level=info msg="Event(v1.ObjectReference{Kind:\"Volume\", Namespace:\"longhorn-system\", Name:\"pvc-22328fbf-4dc1-4e88-b9c8-05644d153c23\", UID:\"e869000c-9b84-44bf-90a9-438c86191570\", APIVersion:\"longhorn.io/v1beta2\", ResourceVersion:\"7448805\", FieldPath:\"\"}): type: 'Normal' reason: 'Remount' Volume pvc-22328fbf-4dc1-4e88-b9c8-05644d153c23 requested remount at 2026-10-03T08:39:03Z" func="record.(*eventBroadcasterImpl).StartLogging.func1" file="event.go:377"
[pod/longhorn-manager-wc2xj/longhorn-manager] time="2026-10-03T10:39:03.259442724+02:00" level=info msg="Starting share manager" func="controller.(*ShareManagerController).syncShareManagerVolume" file="share_manager_controller.go:724" controller=longhorn-share-manager node=ice-nas owner=ice-nas shareManager=pvc-22328fbf-4dc1-4e88-b9c8-05644d153c23 state=error volume=pvc-22328fbf-4dc1-4e88-b9c8-05644d153c23
[pod/longhorn-manager-wc2xj/longhorn-manager] time="2026-10-03T10:39:03.259534621+02:00" level=info msg="No share-manager pod yet to attach the volume pvc-22328fbf-4dc1-4e88-b9c8-05644d153c23" func="controller.(*ShareManagerController).createShareManagerAttachmentTicket" file="share_manager_controller.go:530" controller=longhorn-share-manager node=ice-nas owner=ice-nas shareManager=pvc-22328fbf-4dc1-4e88-b9c8-05644d153c23 state=starting volume=pvc-22328fbf-4dc1-4e88-b9c8-05644d153c23
[pod/longhorn-manager-wc2xj/longhorn-manager] time="2026-10-03T10:39:03.259615201+02:00" level=info msg="Skipping pod creation for share manager pvc-22328fbf-4dc1-4e88-b9c8-05644d153c23, will retry after backoff of 1m4s" func="controller.(*ShareManagerController).syncShareManagerPod" file="share_manager_controller.go:914" controller=longhorn-share-manager node=ice-nas owner=ice-nas shareManager=pvc-22328fbf-4dc1-4e88-b9c8-05644d153c23 state=starting volume=pvc-22328fbf-4dc1-4e88-b9c8-05644d153c23
[pod/longhorn-manager-wc2xj/longhorn-manager] time="2026-10-03T10:39:03.367746188+02:00" level=info msg="No share-manager pod yet to attach the volume pvc-22328fbf-4dc1-4e88-b9c8-05644d153c23" func="controller.(*ShareManagerController).createShareManagerAttachmentTicket" file="share_manager_controller.go:530" controller=longhorn-share-manager node=ice-nas owner=ice-nas shareManager=pvc-22328fbf-4dc1-4e88-b9c8-05644d153c23 state=starting volume=pvc-22328fbf-4dc1-4e88-b9c8-05644d153c23
[pod/longhorn-manager-wc2xj/longhorn-manager] time="2026-10-03T10:39:03.367853295+02:00" level=info msg="Skipping pod creation for share manager pvc-22328fbf-4dc1-4e88-b9c8-05644d153c23, will retry after backoff of 1m4s" func="controller.(*ShareManagerController).syncShareManagerPod" file="share_manager_controller.go:914" controller=longhorn-share-manager node=ice-nas owner=ice-nas shareManager=pvc-22328fbf-4dc1-4e88-b9c8-05644d153c23 state=starting volume=pvc-22328fbf-4dc1-4e88-b9c8-05644d153c23
[pod/longhorn-manager-wc2xj/longhorn-manager] time="2026-10-03T10:39:32.537497151+02:00" level=info msg="No share-manager pod yet to attach the volume pvc-22328fbf-4dc1-4e88-b9c8-05644d153c23" func="controller.(*ShareManagerController).createShareManagerAttachmentTicket" file="share_manager_controller.go:530" controller=longhorn-share-manager node=ice-nas owner=ice-nas shareManager=pvc-22328fbf-4dc1-4e88-b9c8-05644d153c23 state=starting volume=pvc-22328fbf-4dc1-4e88-b9c8-05644d153c23
[pod/longhorn-manager-wc2xj/longhorn-manager] time="2026-10-03T10:39:32.537586856+02:00" level=info msg="Skipping pod creation for share manager pvc-22328fbf-4dc1-4e88-b9c8-05644d153c23, will retry after backoff of 1m4s" func="controller.(*ShareManagerController).syncShareManagerPod" file="share_manager_controller.go:914" controller=longhorn-share-manager node=ice-nas owner=ice-nas shareManager=pvc-22328fbf-4dc1-4e88-b9c8-05644d153c23 state=starting volume=pvc-22328fbf-4dc1-4e88-b9c8-05644d153c23
[pod/longhorn-manager-wc2xj/longhorn-manager] time="2026-10-03T10:40:02.53844071+02:00" level=info msg="No share-manager pod yet to attach the volume pvc-22328fbf-4dc1-4e88-b9c8-05644d153c23" func="controller.(*ShareManagerController).createShareManagerAttachmentTicket" file="share_manager_controller.go:530" controller=longhorn-share-manager node=ice-nas owner=ice-nas shareManager=pvc-22328fbf-4dc1-4e88-b9c8-05644d153c23 state=starting volume=pvc-22328fbf-4dc1-4e88-b9c8-05644d153c23
[pod/longhorn-manager-wc2xj/longhorn-manager] time="2026-10-03T10:40:02.538554264+02:00" level=info msg="Skipping pod creation for share manager pvc-22328fbf-4dc1-4e88-b9c8-05644d153c23, will retry after backoff of 1m4s" func="controller.(*ShareManagerController).syncShareManagerPod" file="share_manager_controller.go:914" controller=longhorn-share-manager node=ice-nas owner=ice-nas shareManager=pvc-22328fbf-4dc1-4e88-b9c8-05644d153c23 state=starting volume=pvc-22328fbf-4dc1-4e88-b9c8-05644d153c23
[pod/longhorn-manager-wc2xj/longhorn-manager] time="2026-10-03T10:40:07.26085243+02:00" level=info msg="No share-manager pod yet to attach the volume pvc-22328fbf-4dc1-4e88-b9c8-05644d153c23" func="controller.(*ShareManagerController).createShareManagerAttachmentTicket" file="share_manager_controller.go:530" controller=longhorn-share-manager node=ice-nas owner=ice-nas shareManager=pvc-22328fbf-4dc1-4e88-b9c8-05644d153c23 state=starting volume=pvc-22328fbf-4dc1-4e88-b9c8-05644d153c23
[pod/longhorn-manager-wc2xj/longhorn-manager] time="2026-10-03T10:40:07.260975056+02:00" level=info msg="Creating pod for share manager pvc-22328fbf-4dc1-4e88-b9c8-05644d153c23" func="controller.(*ShareManagerController).syncShareManagerPod" file="share_manager_controller.go:917" controller=longhorn-share-manager node=ice-nas owner=ice-nas shareManager=pvc-22328fbf-4dc1-4e88-b9c8-05644d153c23 state=starting volume=pvc-22328fbf-4dc1-4e88-b9c8-05644d153c23
[pod/longhorn-manager-wc2xj/longhorn-manager] time="2026-10-03T10:40:07.619656512+02:00" level=info msg="Created pod for share manager on node " func="controller.(*ShareManagerController).createShareManagerPod" file="share_manager_controller.go:1370" controller=longhorn-share-manager node=ice-nas owner=ice-nas pod=share-manager-pvc-22328fbf-4dc1-4e88-b9c8-05644d153c23 shareManager=pvc-22328fbf-4dc1-4e88-b9c8-05644d153c23 state=starting volume=pvc-22328fbf-4dc1-4e88-b9c8-05644d153c23
[pod/longhorn-manager-wc2xj/longhorn-manager] time="2026-10-03T10:40:07.619823061+02:00" level=warning msg="Failed to check IsNodeDownOrDeleted() when syncShareManagerPod" func="controller.(*ShareManagerController).syncShareManagerPod" file="share_manager_controller.go:949" controller=longhorn-share-manager error="no node name provided to check node down or deleted" node=ice-nas owner=ice-nas shareManager=pvc-22328fbf-4dc1-4e88-b9c8-05644d153c23 state=starting volume=pvc-22328fbf-4dc1-4e88-b9c8-05644d153c23
[pod/longhorn-manager-wc2xj/longhorn-manager] time="2026-10-03T10:40:10.534479841+02:00" level=info msg="Share-manager pod share-manager-pvc-22328fbf-4dc1-4e88-b9c8-05644d153c23 for volume pvc-22328fbf-4dc1-4e88-b9c8-05644d153c23 reports unusable phase Failed" func="controller.(*ShareManagerController).createShareManagerAttachmentTicket" file="share_manager_controller.go:538" controller=longhorn-share-manager node=ice-nas owner=ice-nas shareManager=pvc-22328fbf-4dc1-4e88-b9c8-05644d153c23 state=starting volume=pvc-22328fbf-4dc1-4e88-b9c8-05644d153c23
[pod/longhorn-manager-wc2xj/longhorn-manager] time="2026-10-03T10:40:10.534579112+02:00" level=info msg="Share manager pod pvc-22328fbf-4dc1-4e88-b9c8-05644d153c23 in unexpected phase: Failed, setting sharemanager to error state." func="controller.(*ShareManagerController).syncShareManagerPod" file="share_manager_controller.go:998" controller=longhorn-share-manager node=ice-nas owner=ice-nas shareManager=pvc-22328fbf-4dc1-4e88-b9c8-05644d153c23 state=starting volume=pvc-22328fbf-4dc1-4e88-b9c8-05644d153c23
[pod/longhorn-manager-wc2xj/longhorn-manager] time="2026-10-03T10:40:10.534666632+02:00" level=info msg="Deleting share manager pod" func="controller.(*ShareManagerController).cleanupShareManagerPod" file="share_manager_controller.go:816" controller=longhorn-share-manager node=ice-nas owner=ice-nas shareManager=pvc-22328fbf-4dc1-4e88-b9c8-05644d153c23 state=error volume=pvc-22328fbf-4dc1-4e88-b9c8-05644d153c23
[pod/longhorn-manager-wc2xj/longhorn-manager] time="2026-10-03T10:40:10.54514197+02:00" level=info msg="Event(v1.ObjectReference{Kind:\"Volume\", Namespace:\"longhorn-system\", Name:\"pvc-22328fbf-4dc1-4e88-b9c8-05644d153c23\", UID:\"e869000c-9b84-44bf-90a9-438c86191570\", APIVersion:\"longhorn.io/v1beta2\", ResourceVersion:\"7448913\", FieldPath:\"\"}): type: 'Normal' reason: 'Remount' Volume pvc-22328fbf-4dc1-4e88-b9c8-05644d153c23 requested remount at 2026-10-03T08:40:10Z" func="record.(*eventBroadcasterImpl).StartLogging.func1" file="event.go:377"
[pod/longhorn-manager-wc2xj/longhorn-manager] time="2026-10-03T10:40:10.645473488+02:00" level=info msg="Starting share manager" func="controller.(*ShareManagerController).syncShareManagerVolume" file="share_manager_controller.go:724" controller=longhorn-share-manager node=ice-nas owner=ice-nas shareManager=pvc-22328fbf-4dc1-4e88-b9c8-05644d153c23 state=error volume=pvc-22328fbf-4dc1-4e88-b9c8-05644d153c23
[pod/longhorn-manager-wc2xj/longhorn-manager] time="2026-10-03T10:40:10.645555605+02:00" level=info msg="No share-manager pod yet to attach the volume pvc-22328fbf-4dc1-4e88-b9c8-05644d153c23" func="controller.(*ShareManagerController).createShareManagerAttachmentTicket" file="share_manager_controller.go:530" controller=longhorn-share-manager node=ice-nas owner=ice-nas shareManager=pvc-22328fbf-4dc1-4e88-b9c8-05644d153c23 state=starting volume=pvc-22328fbf-4dc1-4e88-b9c8-05644d153c23
[pod/longhorn-manager-wc2xj/longhorn-manager] time="2026-10-03T10:40:10.645633843+02:00" level=info msg="Skipping pod creation for share manager pvc-22328fbf-4dc1-4e88-b9c8-05644d153c23, will retry after backoff of 2m0s" func="controller.(*ShareManagerController).syncShareManagerPod" file="share_manager_controller.go:914" controller=longhorn-share-manager node=ice-nas owner=ice-nas shareManager=pvc-22328fbf-4dc1-4e88-b9c8-05644d153c23 state=starting volume=pvc-22328fbf-4dc1-4e88-b9c8-05644d153c23
[pod/longhorn-manager-wc2xj/longhorn-manager] time="2026-10-03T10:40:10.753096511+02:00" level=info msg="No share-manager pod yet to attach the volume pvc-22328fbf-4dc1-4e88-b9c8-05644d153c23" func="controller.(*ShareManagerController).createShareManagerAttachmentTicket" file="share_manager_controller.go:530" controller=longhorn-share-manager node=ice-nas owner=ice-nas shareManager=pvc-22328fbf-4dc1-4e88-b9c8-05644d153c23 state=starting volume=pvc-22328fbf-4dc1-4e88-b9c8-05644d153c23
[pod/longhorn-manager-wc2xj/longhorn-manager] time="2026-10-03T10:40:10.753167871+02:00" level=info msg="Skipping pod creation for share manager pvc-22328fbf-4dc1-4e88-b9c8-05644d153c23, will retry after backoff of 2m0s" func="controller.(*ShareManagerController).syncShareManagerPod" file="share_manager_controller.go:914" controller=longhorn-share-manager node=ice-nas owner=ice-nas shareManager=pvc-22328fbf-4dc1-4e88-b9c8-05644d153c23 state=starting volume=pvc-22328fbf-4dc1-4e88-b9c8-05644d153c23
[pod/longhorn-manager-wc2xj/longhorn-manager] time="2026-10-03T10:40:23.570919444+02:00" level=info msg="Request (user: system:serviceaccount:longhorn-system:longhorn-service-account, longhorn.io/v1beta2, Kind=VolumeAttachment, namespace: longhorn-system, name: pvc-22328fbf-4dc1-4e88-b9c8-05644d153c23, operation: UPDATE) patchOps: [{\"op\": \"replace\", \"path\": \"/metadata/finalizers\", \"value\": [\"longhorn.io\"]}]" func="admission.(*Handler).admit" file="admission.go:115" service=admissionWebhook
[pod/longhorn-manager-wc2xj/longhorn-manager] 10.42.0.205 - - [03/Oct/2026:10:40:23 +0200] "POST /v1/volumes/pvc-22328fbf-4dc1-4e88-b9c8-05644d153c23?action=attach HTTP/1.1" 200 9044 "" "Go-http-client/1.1"
[pod/longhorn-manager-wc2xj/longhorn-manager] time="2026-10-03T10:40:32.538722152+02:00" level=info msg="No share-manager pod yet to attach the volume pvc-22328fbf-4dc1-4e88-b9c8-05644d153c23" func="controller.(*ShareManagerController).createShareManagerAttachmentTicket" file="share_manager_controller.go:530" controller=longhorn-share-manager node=ice-nas owner=ice-nas shareManager=pvc-22328fbf-4dc1-4e88-b9c8-05644d153c23 state=starting volume=pvc-22328fbf-4dc1-4e88-b9c8-05644d153c23
[pod/longhorn-manager-wc2xj/longhorn-manager] time="2026-10-03T10:40:32.538845262+02:00" level=info msg="Skipping pod creation for share manager pvc-22328fbf-4dc1-4e88-b9c8-05644d153c23, will retry after backoff of 2m0s" func="controller.(*ShareManagerController).syncShareManagerPod" file="share_manager_controller.go:914" controller=longhorn-share-manager node=ice-nas owner=ice-nas shareManager=pvc-22328fbf-4dc1-4e88-b9c8-05644d153c23 state=starting volume=pvc-22328fbf-4dc1-4e88-b9c8-05644d153c23
[pod/longhorn-manager-wc2xj/longhorn-manager] time="2026-10-03T10:41:02.539517041+02:00" level=info msg="No share-manager pod yet to attach the volume pvc-22328fbf-4dc1-4e88-b9c8-05644d153c23" func="controller.(*ShareManagerController).createShareManagerAttachmentTicket" file="share_manager_controller.go:530" controller=longhorn-share-manager node=ice-nas owner=ice-nas shareManager=pvc-22328fbf-4dc1-4e88-b9c8-05644d153c23 state=starting volume=pvc-22328fbf-4dc1-4e88-b9c8-05644d153c23
[pod/longhorn-manager-wc2xj/longhorn-manager] time="2026-10-03T10:41:02.539659938+02:00" level=info msg="Skipping pod creation for share manager pvc-22328fbf-4dc1-4e88-b9c8-05644d153c23, will retry after backoff of 2m0s" func="controller.(*ShareManagerController).syncShareManagerPod" file="share_manager_controller.go:914" controller=longhorn-share-manager node=ice-nas owner=ice-nas shareManager=pvc-22328fbf-4dc1-4e88-b9c8-05644d153c23 state=starting volume=pvc-22328fbf-4dc1-4e88-b9c8-05644d153c23
[pod/longhorn-manager-wc2xj/longhorn-manager] time="2026-10-03T10:41:32.540328844+02:00" level=info msg="No share-manager pod yet to attach the volume pvc-22328fbf-4dc1-4e88-b9c8-05644d153c23" func="controller.(*ShareManagerController).createShareManagerAttachmentTicket" file="share_manager_controller.go:530" controller=longhorn-share-manager node=ice-nas owner=ice-nas shareManager=pvc-22328fbf-4dc1-4e88-b9c8-05644d153c23 state=starting volume=pvc-22328fbf-4dc1-4e88-b9c8-05644d153c23
[pod/longhorn-manager-wc2xj/longhorn-manager] time="2026-10-03T10:41:32.540451951+02:00" level=info msg="Skipping pod creation for share manager pvc-22328fbf-4dc1-4e88-b9c8-05644d153c23, will retry after backoff of 2m0s" func="controller.(*ShareManagerController).syncShareManagerPod" file="share_manager_controller.go:914" controller=longhorn-share-manager node=ice-nas owner=ice-nas shareManager=pvc-22328fbf-4dc1-4e88-b9c8-05644d153c23 state=starting volume=pvc-22328fbf-4dc1-4e88-b9c8-05644d153c23
[pod/longhorn-manager-wc2xj/longhorn-manager] time="2026-10-03T10:41:53.631138676+02:00" level=info msg="Request (user: system:serviceaccount:longhorn-system:longhorn-service-account, longhorn.io/v1beta2, Kind=VolumeAttachment, namespace: longhorn-system, name: pvc-22328fbf-4dc1-4e88-b9c8-05644d153c23, operation: UPDATE) patchOps: [{\"op\": \"replace\", \"path\": \"/metadata/finalizers\", \"value\": [\"longhorn.io\"]}]" func="admission.(*Handler).admit" file="admission.go:115" service=admissionWebhook
[pod/longhorn-manager-wc2xj/longhorn-manager] 10.42.0.205 - - [03/Oct/2026:10:41:53 +0200] "POST /v1/volumes/pvc-22328fbf-4dc1-4e88-b9c8-05644d153c23?action=attach HTTP/1.1" 200 9044 "" "Go-http-client/1.1"
[pod/longhorn-manager-wc2xj/longhorn-manager] time="2026-10-03T10:42:02.54039633+02:00" level=info msg="No share-manager pod yet to attach the volume pvc-22328fbf-4dc1-4e88-b9c8-05644d153c23" func="controller.(*ShareManagerController).createShareManagerAttachmentTicket" file="share_manager_controller.go:530" controller=longhorn-share-manager node=ice-nas owner=ice-nas shareManager=pvc-22328fbf-4dc1-4e88-b9c8-05644d153c23 state=starting volume=pvc-22328fbf-4dc1-4e88-b9c8-05644d153c23
[pod/longhorn-manager-wc2xj/longhorn-manager] time="2026-10-03T10:42:02.54048453+02:00" level=info msg="Skipping pod creation for share manager pvc-22328fbf-4dc1-4e88-b9c8-05644d153c23, will retry after backoff of 2m0s" func="controller.(*ShareManagerController).syncShareManagerPod" file="share_manager_controller.go:914" controller=longhorn-share-manager node=ice-nas owner=ice-nas shareManager=pvc-22328fbf-4dc1-4e88-b9c8-05644d153c23 state=starting volume=pvc-22328fbf-4dc1-4e88-b9c8-05644d153c23
[pod/longhorn-manager-wc2xj/longhorn-manager] time="2026-10-03T10:42:10.646221239+02:00" level=info msg="No share-manager pod yet to attach the volume pvc-22328fbf-4dc1-4e88-b9c8-05644d153c23" func="controller.(*ShareManagerController).createShareManagerAttachmentTicket" file="share_manager_controller.go:530" controller=longhorn-share-manager node=ice-nas owner=ice-nas shareManager=pvc-22328fbf-4dc1-4e88-b9c8-05644d153c23 state=starting volume=pvc-22328fbf-4dc1-4e88-b9c8-05644d153c23
[pod/longhorn-manager-wc2xj/longhorn-manager] time="2026-10-03T10:42:10.646344724+02:00" level=info msg="Creating pod for share manager pvc-22328fbf-4dc1-4e88-b9c8-05644d153c23" func="controller.(*ShareManagerController).syncShareManagerPod" file="share_manager_controller.go:917" controller=longhorn-share-manager node=ice-nas owner=ice-nas shareManager=pvc-22328fbf-4dc1-4e88-b9c8-05644d153c23 state=starting volume=pvc-22328fbf-4dc1-4e88-b9c8-05644d153c23
[pod/longhorn-manager-wc2xj/longhorn-manager] time="2026-10-03T10:42:11.08660518+02:00" level=info msg="Created pod for share manager on node " func="controller.(*ShareManagerController).createShareManagerPod" file="share_manager_controller.go:1370" controller=longhorn-share-manager node=ice-nas owner=ice-nas pod=share-manager-pvc-22328fbf-4dc1-4e88-b9c8-05644d153c23 shareManager=pvc-22328fbf-4dc1-4e88-b9c8-05644d153c23 state=starting volume=pvc-22328fbf-4dc1-4e88-b9c8-05644d153c23
[pod/longhorn-manager-wc2xj/longhorn-manager] time="2026-10-03T10:42:11.086743573+02:00" level=warning msg="Failed to check IsNodeDownOrDeleted() when syncShareManagerPod" func="controller.(*ShareManagerController).syncShareManagerPod" file="share_manager_controller.go:949" controller=longhorn-share-manager error="no node name provided to check node down or deleted" node=ice-nas owner=ice-nas shareManager=pvc-22328fbf-4dc1-4e88-b9c8-05644d153c23 state=starting volume=pvc-22328fbf-4dc1-4e88-b9c8-05644d153c23
[pod/longhorn-manager-wc2xj/longhorn-manager] time="2026-10-03T10:42:14.407530502+02:00" level=info msg="Share-manager pod share-manager-pvc-22328fbf-4dc1-4e88-b9c8-05644d153c23 for volume pvc-22328fbf-4dc1-4e88-b9c8-05644d153c23 reports unusable phase Failed" func="controller.(*ShareManagerController).createShareManagerAttachmentTicket" file="share_manager_controller.go:538" controller=longhorn-share-manager node=ice-nas owner=ice-nas shareManager=pvc-22328fbf-4dc1-4e88-b9c8-05644d153c23 state=starting volume=pvc-22328fbf-4dc1-4e88-b9c8-05644d153c23
[pod/longhorn-manager-wc2xj/longhorn-manager] time="2026-10-03T10:42:14.407636943+02:00" level=info msg="Share manager pod pvc-22328fbf-4dc1-4e88-b9c8-05644d153c23 in unexpected phase: Failed, setting sharemanager to error state." func="controller.(*ShareManagerController).syncShareManagerPod" file="share_manager_controller.go:998" controller=longhorn-share-manager node=ice-nas owner=ice-nas shareManager=pvc-22328fbf-4dc1-4e88-b9c8-05644d153c23 state=starting volume=pvc-22328fbf-4dc1-4e88-b9c8-05644d153c23
[pod/longhorn-manager-wc2xj/longhorn-manager] time="2026-10-03T10:42:14.407691728+02:00" level=info msg="Deleting share manager pod" func="controller.(*ShareManagerController).cleanupShareManagerPod" file="share_manager_controller.go:816" controller=longhorn-share-manager node=ice-nas owner=ice-nas shareManager=pvc-22328fbf-4dc1-4e88-b9c8-05644d153c23 state=error volume=pvc-22328fbf-4dc1-4e88-b9c8-05644d153c23
[pod/longhorn-manager-wc2xj/longhorn-manager] time="2026-10-03T10:42:14.419701039+02:00" level=info msg="Starting share manager" func="controller.(*ShareManagerController).syncShareManagerVolume" file="share_manager_controller.go:724" controller=longhorn-share-manager node=ice-nas owner=ice-nas shareManager=pvc-22328fbf-4dc1-4e88-b9c8-05644d153c23 state=error volume=pvc-22328fbf-4dc1-4e88-b9c8-05644d153c23
[pod/longhorn-manager-wc2xj/longhorn-manager] time="2026-10-03T10:42:14.41975068+02:00" level=info msg="No share-manager pod yet to attach the volume pvc-22328fbf-4dc1-4e88-b9c8-05644d153c23" func="controller.(*ShareManagerController).createShareManagerAttachmentTicket" file="share_manager_controller.go:530" controller=longhorn-share-manager node=ice-nas owner=ice-nas shareManager=pvc-22328fbf-4dc1-4e88-b9c8-05644d153c23 state=starting volume=pvc-22328fbf-4dc1-4e88-b9c8-05644d153c23
[pod/longhorn-manager-wc2xj/longhorn-manager] time="2026-10-03T10:42:14.419797467+02:00" level=info msg="Skipping pod creation for share manager pvc-22328fbf-4dc1-4e88-b9c8-05644d153c23, will retry after backoff of 2m0s" func="controller.(*ShareManagerController).syncShareManagerPod" file="share_manager_controller.go:914" controller=longhorn-share-manager node=ice-nas owner=ice-nas shareManager=pvc-22328fbf-4dc1-4e88-b9c8-05644d153c23 state=starting volume=pvc-22328fbf-4dc1-4e88-b9c8-05644d153c23
[pod/longhorn-manager-wc2xj/longhorn-manager] time="2026-10-03T10:42:14.419849591+02:00" level=info msg="Event(v1.ObjectReference{Kind:\"Volume\", Namespace:\"longhorn-system\", Name:\"pvc-22328fbf-4dc1-4e88-b9c8-05644d153c23\", UID:\"e869000c-9b84-44bf-90a9-438c86191570\", APIVersion:\"longhorn.io/v1beta2\", ResourceVersion:\"7449087\", FieldPath:\"\"}): type: 'Normal' reason: 'Remount' Volume pvc-22328fbf-4dc1-4e88-b9c8-05644d153c23 requested remount at 2026-10-03T08:42:14Z" func="record.(*eventBroadcasterImpl).StartLogging.func1" file="event.go:377"
[pod/longhorn-manager-wc2xj/longhorn-manager] time="2026-10-03T10:42:14.527221148+02:00" level=info msg="No share-manager pod yet to attach the volume pvc-22328fbf-4dc1-4e88-b9c8-05644d153c23" func="controller.(*ShareManagerController).createShareManagerAttachmentTicket" file="share_manager_controller.go:530" controller=longhorn-share-manager node=ice-nas owner=ice-nas shareManager=pvc-22328fbf-4dc1-4e88-b9c8-05644d153c23 state=starting volume=pvc-22328fbf-4dc1-4e88-b9c8-05644d153c23
[pod/longhorn-manager-wc2xj/longhorn-manager] time="2026-10-03T10:42:14.527315044+02:00" level=info msg="Skipping pod creation for share manager pvc-22328fbf-4dc1-4e88-b9c8-05644d153c23, will retry after backoff of 2m0s" func="controller.(*ShareManagerController).syncShareManagerPod" file="share_manager_controller.go:914" controller=longhorn-share-manager node=ice-nas owner=ice-nas shareManager=pvc-22328fbf-4dc1-4e88-b9c8-05644d153c23 state=starting volume=pvc-22328fbf-4dc1-4e88-b9c8-05644d153c23
[pod/longhorn-manager-wc2xj/longhorn-manager] time="2026-10-03T10:42:14.557077514+02:00" level=info msg="No share-manager pod yet to attach the volume pvc-22328fbf-4dc1-4e88-b9c8-05644d153c23" func="controller.(*ShareManagerController).createShareManagerAttachmentTicket" file="share_manager_controller.go:530" controller=longhorn-share-manager node=ice-nas owner=ice-nas shareManager=pvc-22328fbf-4dc1-4e88-b9c8-05644d153c23 state=starting volume=pvc-22328fbf-4dc1-4e88-b9c8-05644d153c23
[pod/longhorn-manager-wc2xj/longhorn-manager] time="2026-10-03T10:42:14.557185552+02:00" level=info msg="Skipping pod creation for share manager pvc-22328fbf-4dc1-4e88-b9c8-05644d153c23, will retry after backoff of 2m0s" func="controller.(*ShareManagerController).syncShareManagerPod" file="share_manager_controller.go:914" controller=longhorn-share-manager node=ice-nas owner=ice-nas shareManager=pvc-22328fbf-4dc1-4e88-b9c8-05644d153c23 state=starting volume=pvc-22328fbf-4dc1-4e88-b9c8-05644d153c23
[pod/longhorn-manager-wc2xj/longhorn-manager] time="2026-10-03T10:42:32.541143081+02:00" level=info msg="No share-manager pod yet to attach the volume pvc-22328fbf-4dc1-4e88-b9c8-05644d153c23" func="controller.(*ShareManagerController).createShareManagerAttachmentTicket" file="share_manager_controller.go:530" controller=longhorn-share-manager node=ice-nas owner=ice-nas shareManager=pvc-22328fbf-4dc1-4e88-b9c8-05644d153c23 state=starting volume=pvc-22328fbf-4dc1-4e88-b9c8-05644d153c23
[pod/longhorn-manager-wc2xj/longhorn-manager] time="2026-10-03T10:42:32.54133889+02:00" level=info msg="Skipping pod creation for share manager pvc-22328fbf-4dc1-4e88-b9c8-05644d153c23, will retry after backoff of 2m0s" func="controller.(*ShareManagerController).syncShareManagerPod" file="share_manager_controller.go:914" controller=longhorn-share-manager node=ice-nas owner=ice-nas shareManager=pvc-22328fbf-4dc1-4e88-b9c8-05644d153c23 state=starting volume=pvc-22328fbf-4dc1-4e88-b9c8-05644d153c23
[pod/longhorn-manager-wc2xj/longhorn-manager] time="2026-10-03T10:43:02.541955014+02:00" level=info msg="No share-manager pod yet to attach the volume pvc-22328fbf-4dc1-4e88-b9c8-05644d153c23" func="controller.(*ShareManagerController).createShareManagerAttachmentTicket" file="share_manager_controller.go:530" controller=longhorn-share-manager node=ice-nas owner=ice-nas shareManager=pvc-22328fbf-4dc1-4e88-b9c8-05644d153c23 state=starting volume=pvc-22328fbf-4dc1-4e88-b9c8-05644d153c23
[pod/longhorn-manager-wc2xj/longhorn-manager] time="2026-10-03T10:43:02.542093835+02:00" level=info msg="Skipping pod creation for share manager pvc-22328fbf-4dc1-4e88-b9c8-05644d153c23, will retry after backoff of 2m0s" func="controller.(*ShareManagerController).syncShareManagerPod" file="share_manager_controller.go:914" controller=longhorn-share-manager node=ice-nas owner=ice-nas shareManager=pvc-22328fbf-4dc1-4e88-b9c8-05644d153c23 state=starting volume=pvc-22328fbf-4dc1-4e88-b9c8-05644d153c23
[pod/longhorn-manager-wc2xj/longhorn-manager] time="2026-10-03T10:43:23.682758049+02:00" level=info msg="Request (user: system:serviceaccount:longhorn-system:longhorn-service-account, longhorn.io/v1beta2, Kind=VolumeAttachment, namespace: longhorn-system, name: pvc-22328fbf-4dc1-4e88-b9c8-05644d153c23, operation: UPDATE) patchOps: [{\"op\": \"replace\", \"path\": \"/metadata/finalizers\", \"value\": [\"longhorn.io\"]}]" func="admission.(*Handler).admit" file="admission.go:115" service=admissionWebhook
[pod/longhorn-manager-wc2xj/longhorn-manager] 10.42.0.205 - - [03/Oct/2026:10:43:23 +0200] "POST /v1/volumes/pvc-22328fbf-4dc1-4e88-b9c8-05644d153c23?action=attach HTTP/1.1" 200 9044 "" "Go-http-client/1.1"
[pod/longhorn-manager-wc2xj/longhorn-manager] time="2026-10-03T10:43:32.542180608+02:00" level=info msg="No share-manager pod yet to attach the volume pvc-22328fbf-4dc1-4e88-b9c8-05644d153c23" func="controller.(*ShareManagerController).createShareManagerAttachmentTicket" file="share_manager_controller.go:530" controller=longhorn-share-manager node=ice-nas owner=ice-nas shareManager=pvc-22328fbf-4dc1-4e88-b9c8-05644d153c23 state=starting volume=pvc-22328fbf-4dc1-4e88-b9c8-05644d153c23
[pod/longhorn-manager-wc2xj/longhorn-manager] time="2026-10-03T10:43:32.542265236+02:00" level=info msg="Skipping pod creation for share manager pvc-22328fbf-4dc1-4e88-b9c8-05644d153c23, will retry after backoff of 2m0s" func="controller.(*ShareManagerController).syncShareManagerPod" file="share_manager_controller.go:914" controller=longhorn-share-manager node=ice-nas owner=ice-nas shareManager=pvc-22328fbf-4dc1-4e88-b9c8-05644d153c23 state=starting volume=pvc-22328fbf-4dc1-4e88-b9c8-05644d153c23
[pod/longhorn-manager-wc2xj/longhorn-manager] time="2026-10-03T10:44:02.542956033+02:00" level=info msg="No share-manager pod yet to attach the volume pvc-22328fbf-4dc1-4e88-b9c8-05644d153c23" func="controller.(*ShareManagerController).createShareManagerAttachmentTicket" file="share_manager_controller.go:530" controller=longhorn-share-manager node=ice-nas owner=ice-nas shareManager=pvc-22328fbf-4dc1-4e88-b9c8-05644d153c23 state=starting volume=pvc-22328fbf-4dc1-4e88-b9c8-05644d153c23
[pod/longhorn-manager-wc2xj/longhorn-manager] time="2026-10-03T10:44:02.54303009+02:00" level=info msg="Skipping pod creation for share manager pvc-22328fbf-4dc1-4e88-b9c8-05644d153c23, will retry after backoff of 2m0s" func="controller.(*ShareManagerController).syncShareManagerPod" file="share_manager_controller.go:914" controller=longhorn-share-manager node=ice-nas owner=ice-nas shareManager=pvc-22328fbf-4dc1-4e88-b9c8-05644d153c23 state=starting volume=pvc-22328fbf-4dc1-4e88-b9c8-05644d153c23
[pod/longhorn-manager-wc2xj/longhorn-manager] time="2026-10-03T10:44:14.420817674+02:00" level=info msg="No share-manager pod yet to attach the volume pvc-22328fbf-4dc1-4e88-b9c8-05644d153c23" func="controller.(*ShareManagerController).createShareManagerAttachmentTicket" file="share_manager_controller.go:530" controller=longhorn-share-manager node=ice-nas owner=ice-nas shareManager=pvc-22328fbf-4dc1-4e88-b9c8-05644d153c23 state=starting volume=pvc-22328fbf-4dc1-4e88-b9c8-05644d153c23
[pod/longhorn-manager-wc2xj/longhorn-manager] time="2026-10-03T10:44:14.420931232+02:00" level=info msg="Creating pod for share manager pvc-22328fbf-4dc1-4e88-b9c8-05644d153c23" func="controller.(*ShareManagerController).syncShareManagerPod" file="share_manager_controller.go:917" controller=longhorn-share-manager node=ice-nas owner=ice-nas shareManager=pvc-22328fbf-4dc1-4e88-b9c8-05644d153c23 state=starting volume=pvc-22328fbf-4dc1-4e88-b9c8-05644d153c23
[pod/longhorn-manager-wc2xj/longhorn-manager] time="2026-10-03T10:44:15.086543589+02:00" level=info msg="Created pod for share manager on node " func="controller.(*ShareManagerController).createShareManagerPod" file="share_manager_controller.go:1370" controller=longhorn-share-manager node=ice-nas owner=ice-nas pod=share-manager-pvc-22328fbf-4dc1-4e88-b9c8-05644d153c23 shareManager=pvc-22328fbf-4dc1-4e88-b9c8-05644d153c23 state=starting volume=pvc-22328fbf-4dc1-4e88-b9c8-05644d153c23
[pod/longhorn-manager-wc2xj/longhorn-manager] time="2026-10-03T10:44:15.086686967+02:00" level=warning msg="Failed to check IsNodeDownOrDeleted() when syncShareManagerPod" func="controller.(*ShareManagerController).syncShareManagerPod" file="share_manager_controller.go:949" controller=longhorn-share-manager error="no node name provided to check node down or deleted" node=ice-nas owner=ice-nas shareManager=pvc-22328fbf-4dc1-4e88-b9c8-05644d153c23 state=starting volume=pvc-22328fbf-4dc1-4e88-b9c8-05644d153c23
[pod/longhorn-manager-wc2xj/longhorn-manager] time="2026-10-03T10:44:18.281842079+02:00" level=info msg="Share-manager pod share-manager-pvc-22328fbf-4dc1-4e88-b9c8-05644d153c23 for volume pvc-22328fbf-4dc1-4e88-b9c8-05644d153c23 reports unusable phase Failed" func="controller.(*ShareManagerController).createShareManagerAttachmentTicket" file="share_manager_controller.go:538" controller=longhorn-share-manager node=ice-nas owner=ice-nas shareManager=pvc-22328fbf-4dc1-4e88-b9c8-05644d153c23 state=starting volume=pvc-22328fbf-4dc1-4e88-b9c8-05644d153c23
[pod/longhorn-manager-wc2xj/longhorn-manager] time="2026-10-03T10:44:18.281960557+02:00" level=info msg="Share manager pod pvc-22328fbf-4dc1-4e88-b9c8-05644d153c23 in unexpected phase: Failed, setting sharemanager to error state." func="controller.(*ShareManagerController).syncShareManagerPod" file="share_manager_controller.go:998" controller=longhorn-share-manager node=ice-nas owner=ice-nas shareManager=pvc-22328fbf-4dc1-4e88-b9c8-05644d153c23 state=starting volume=pvc-22328fbf-4dc1-4e88-b9c8-05644d153c23
[pod/longhorn-manager-wc2xj/longhorn-manager] time="2026-10-03T10:44:18.282017383+02:00" level=info msg="Deleting share manager pod" func="controller.(*ShareManagerController).cleanupShareManagerPod" file="share_manager_controller.go:816" controller=longhorn-share-manager node=ice-nas owner=ice-nas shareManager=pvc-22328fbf-4dc1-4e88-b9c8-05644d153c23 state=error volume=pvc-22328fbf-4dc1-4e88-b9c8-05644d153c23
[pod/longhorn-manager-wc2xj/longhorn-manager] time="2026-10-03T10:44:18.294010412+02:00" level=info msg="Event(v1.ObjectReference{Kind:\"Volume\", Namespace:\"longhorn-system\", Name:\"pvc-22328fbf-4dc1-4e88-b9c8-05644d153c23\", UID:\"e869000c-9b84-44bf-90a9-438c86191570\", APIVersion:\"longhorn.io/v1beta2\", ResourceVersion:\"7449306\", FieldPath:\"\"}): type: 'Normal' reason: 'Remount' Volume pvc-22328fbf-4dc1-4e88-b9c8-05644d153c23 requested remount at 2026-10-03T08:44:18Z" func="record.(*eventBroadcasterImpl).StartLogging.func1" file="event.go:377"
[pod/longhorn-manager-wc2xj/longhorn-manager] time="2026-10-03T10:44:18.393536195+02:00" level=info msg="Starting share manager" func="controller.(*ShareManagerController).syncShareManagerVolume" file="share_manager_controller.go:724" controller=longhorn-share-manager node=ice-nas owner=ice-nas shareManager=pvc-22328fbf-4dc1-4e88-b9c8-05644d153c23 state=error volume=pvc-22328fbf-4dc1-4e88-b9c8-05644d153c23
[pod/longhorn-manager-wc2xj/longhorn-manager] time="2026-10-03T10:44:18.393624533+02:00" level=info msg="No share-manager pod yet to attach the volume pvc-22328fbf-4dc1-4e88-b9c8-05644d153c23" func="controller.(*ShareManagerController).createShareManagerAttachmentTicket" file="share_manager_controller.go:530" controller=longhorn-share-manager node=ice-nas owner=ice-nas shareManager=pvc-22328fbf-4dc1-4e88-b9c8-05644d153c23 state=starting volume=pvc-22328fbf-4dc1-4e88-b9c8-05644d153c23
[pod/longhorn-manager-wc2xj/longhorn-manager] time="2026-10-03T10:44:18.393702558+02:00" level=info msg="Skipping pod creation for share manager pvc-22328fbf-4dc1-4e88-b9c8-05644d153c23, will retry after backoff of 2m0s" func="controller.(*ShareManagerController).syncShareManagerPod" file="share_manager_controller.go:914" controller=longhorn-share-manager node=ice-nas owner=ice-nas shareManager=pvc-22328fbf-4dc1-4e88-b9c8-05644d153c23 state=starting volume=pvc-22328fbf-4dc1-4e88-b9c8-05644d153c23
[pod/longhorn-manager-wc2xj/longhorn-manager] time="2026-10-03T10:44:18.401320663+02:00" level=info msg="Event(v1.ObjectReference{Kind:\"Volume\", Namespace:\"longhorn-system\", Name:\"pvc-22328fbf-4dc1-4e88-b9c8-05644d153c23\", UID:\"e869000c-9b84-44bf-90a9-438c86191570\", APIVersion:\"longhorn.io/v1beta2\", ResourceVersion:\"7449498\", FieldPath:\"\"}): type: 'Normal' reason: 'Remount' Volume pvc-22328fbf-4dc1-4e88-b9c8-05644d153c23 requested remount at 2026-10-03T08:44:18Z" func="record.(*eventBroadcasterImpl).StartLogging.func1" file="event.go:377"
[pod/longhorn-manager-wc2xj/longhorn-manager] time="2026-10-03T10:44:18.501072686+02:00" level=info msg="No share-manager pod yet to attach the volume pvc-22328fbf-4dc1-4e88-b9c8-05644d153c23" func="controller.(*ShareManagerController).createShareManagerAttachmentTicket" file="share_manager_controller.go:530" controller=longhorn-share-manager node=ice-nas owner=ice-nas shareManager=pvc-22328fbf-4dc1-4e88-b9c8-05644d153c23 state=starting volume=pvc-22328fbf-4dc1-4e88-b9c8-05644d153c23
[pod/longhorn-manager-wc2xj/longhorn-manager] time="2026-10-03T10:44:18.501145258+02:00" level=info msg="Skipping pod creation for share manager pvc-22328fbf-4dc1-4e88-b9c8-05644d153c23, will retry after backoff of 2m0s" func="controller.(*ShareManagerController).syncShareManagerPod" file="share_manager_controller.go:914" controller=longhorn-share-manager node=ice-nas owner=ice-nas shareManager=pvc-22328fbf-4dc1-4e88-b9c8-05644d153c23 state=starting volume=pvc-22328fbf-4dc1-4e88-b9c8-05644d153c23
[pod/longhorn-manager-wc2xj/longhorn-manager] time="2026-10-03T10:44:32.543331271+02:00" level=info msg="No share-manager pod yet to attach the volume pvc-22328fbf-4dc1-4e88-b9c8-05644d153c23" func="controller.(*ShareManagerController).createShareManagerAttachmentTicket" file="share_manager_controller.go:530" controller=longhorn-share-manager node=ice-nas owner=ice-nas shareManager=pvc-22328fbf-4dc1-4e88-b9c8-05644d153c23 state=starting volume=pvc-22328fbf-4dc1-4e88-b9c8-05644d153c23
[pod/longhorn-manager-wc2xj/longhorn-manager] time="2026-10-03T10:44:32.543448217+02:00" level=info msg="Skipping pod creation for share manager pvc-22328fbf-4dc1-4e88-b9c8-05644d153c23, will retry after backoff of 2m0s" func="controller.(*ShareManagerController).syncShareManagerPod" file="share_manager_controller.go:914" controller=longhorn-share-manager node=ice-nas owner=ice-nas shareManager=pvc-22328fbf-4dc1-4e88-b9c8-05644d153c23 state=starting volume=pvc-22328fbf-4dc1-4e88-b9c8-05644d153c23
[pod/longhorn-manager-wc2xj/longhorn-manager] time="2026-10-03T10:44:53.742769877+02:00" level=info msg="Request (user: system:serviceaccount:longhorn-system:longhorn-service-account, longhorn.io/v1beta2, Kind=VolumeAttachment, namespace: longhorn-system, name: pvc-22328fbf-4dc1-4e88-b9c8-05644d153c23, operation: UPDATE) patchOps: [{\"op\": \"replace\", \"path\": \"/metadata/finalizers\", \"value\": [\"longhorn.io\"]}]" func="admission.(*Handler).admit" file="admission.go:115" service=admissionWebhook
[pod/longhorn-manager-wc2xj/longhorn-manager] 10.42.0.205 - - [03/Oct/2026:10:44:53 +0200] "POST /v1/volumes/pvc-22328fbf-4dc1-4e88-b9c8-05644d153c23?action=attach HTTP/1.1" 200 9044 "" "Go-http-client/1.1"
[pod/longhorn-manager-wc2xj/longhorn-manager] time="2026-10-03T10:45:02.54427115+02:00" level=info msg="No share-manager pod yet to attach the volume pvc-22328fbf-4dc1-4e88-b9c8-05644d153c23" func="controller.(*ShareManagerController).createShareManagerAttachmentTicket" file="share_manager_controller.go:530" controller=longhorn-share-manager node=ice-nas owner=ice-nas shareManager=pvc-22328fbf-4dc1-4e88-b9c8-05644d153c23 state=starting volume=pvc-22328fbf-4dc1-4e88-b9c8-05644d153c23
[pod/longhorn-manager-wc2xj/longhorn-manager] time="2026-10-03T10:45:02.544405186+02:00" level=info msg="Skipping pod creation for share manager pvc-22328fbf-4dc1-4e88-b9c8-05644d153c23, will retry after backoff of 2m0s" func="controller.(*ShareManagerController).syncShareManagerPod" file="share_manager_controller.go:914" controller=longhorn-share-manager node=ice-nas owner=ice-nas shareManager=pvc-22328fbf-4dc1-4e88-b9c8-05644d153c23 state=starting volume=pvc-22328fbf-4dc1-4e88-b9c8-05644d153c23
[pod/longhorn-manager-wc2xj/longhorn-manager] time="2026-10-03T10:45:32.54517876+02:00" level=info msg="No share-manager pod yet to attach the volume pvc-22328fbf-4dc1-4e88-b9c8-05644d153c23" func="controller.(*ShareManagerController).createShareManagerAttachmentTicket" file="share_manager_controller.go:530" controller=longhorn-share-manager node=ice-nas owner=ice-nas shareManager=pvc-22328fbf-4dc1-4e88-b9c8-05644d153c23 state=starting volume=pvc-22328fbf-4dc1-4e88-b9c8-05644d153c23
[pod/longhorn-manager-wc2xj/longhorn-manager] time="2026-10-03T10:45:32.54531865+02:00" level=info msg="Skipping pod creation for share manager pvc-22328fbf-4dc1-4e88-b9c8-05644d153c23, will retry after backoff of 2m0s" func="controller.(*ShareManagerController).syncShareManagerPod" file="share_manager_controller.go:914" controller=longhorn-share-manager node=ice-nas owner=ice-nas shareManager=pvc-22328fbf-4dc1-4e88-b9c8-05644d153c23 state=starting volume=pvc-22328fbf-4dc1-4e88-b9c8-05644d153c23
[pod/longhorn-manager-wc2xj/longhorn-manager] time="2026-10-03T10:46:02.546032805+02:00" level=info msg="No share-manager pod yet to attach the volume pvc-22328fbf-4dc1-4e88-b9c8-05644d153c23" func="controller.(*ShareManagerController).createShareManagerAttachmentTicket" file="share_manager_controller.go:530" controller=longhorn-share-manager node=ice-nas owner=ice-nas shareManager=pvc-22328fbf-4dc1-4e88-b9c8-05644d153c23 state=starting volume=pvc-22328fbf-4dc1-4e88-b9c8-05644d153c23
[pod/longhorn-manager-wc2xj/longhorn-manager] time="2026-10-03T10:46:02.546139154+02:00" level=info msg="Skipping pod creation for share manager pvc-22328fbf-4dc1-4e88-b9c8-05644d153c23, will retry after backoff of 2m0s" func="controller.(*ShareManagerController).syncShareManagerPod" file="share_manager_controller.go:914" controller=longhorn-share-manager node=ice-nas owner=ice-nas shareManager=pvc-22328fbf-4dc1-4e88-b9c8-05644d153c23 state=starting volume=pvc-22328fbf-4dc1-4e88-b9c8-05644d153c23
[pod/longhorn-manager-wc2xj/longhorn-manager] time="2026-10-03T10:46:18.394100616+02:00" level=info msg="No share-manager pod yet to attach the volume pvc-22328fbf-4dc1-4e88-b9c8-05644d153c23" func="controller.(*ShareManagerController).createShareManagerAttachmentTicket" file="share_manager_controller.go:530" controller=longhorn-share-manager node=ice-nas owner=ice-nas shareManager=pvc-22328fbf-4dc1-4e88-b9c8-05644d153c23 state=starting volume=pvc-22328fbf-4dc1-4e88-b9c8-05644d153c23
[pod/longhorn-manager-wc2xj/longhorn-manager] time="2026-10-03T10:46:18.394224375+02:00" level=info msg="Creating pod for share manager pvc-22328fbf-4dc1-4e88-b9c8-05644d153c23" func="controller.(*ShareManagerController).syncShareManagerPod" file="share_manager_controller.go:917" controller=longhorn-share-manager node=ice-nas owner=ice-nas shareManager=pvc-22328fbf-4dc1-4e88-b9c8-05644d153c23 state=starting volume=pvc-22328fbf-4dc1-4e88-b9c8-05644d153c23
[pod/longhorn-manager-wc2xj/longhorn-manager] time="2026-10-03T10:46:18.428281615+02:00" level=info msg="Created pod for share manager on node " func="controller.(*ShareManagerController).createShareManagerPod" file="share_manager_controller.go:1370" controller=longhorn-share-manager node=ice-nas owner=ice-nas pod=share-manager-pvc-22328fbf-4dc1-4e88-b9c8-05644d153c23 shareManager=pvc-22328fbf-4dc1-4e88-b9c8-05644d153c23 state=starting volume=pvc-22328fbf-4dc1-4e88-b9c8-05644d153c23
[pod/longhorn-manager-wc2xj/longhorn-manager] time="2026-10-03T10:46:18.428429554+02:00" level=warning msg="Failed to check IsNodeDownOrDeleted() when syncShareManagerPod" func="controller.(*ShareManagerController).syncShareManagerPod" file="share_manager_controller.go:949" controller=longhorn-share-manager error="no node name provided to check node down or deleted" node=ice-nas owner=ice-nas shareManager=pvc-22328fbf-4dc1-4e88-b9c8-05644d153c23 state=starting volume=pvc-22328fbf-4dc1-4e88-b9c8-05644d153c23
[pod/longhorn-manager-wc2xj/longhorn-manager] time="2026-10-03T10:46:22.113014427+02:00" level=info msg="Share-manager pod share-manager-pvc-22328fbf-4dc1-4e88-b9c8-05644d153c23 for volume pvc-22328fbf-4dc1-4e88-b9c8-05644d153c23 reports unusable phase Failed" func="controller.(*ShareManagerController).createShareManagerAttachmentTicket" file="share_manager_controller.go:538" controller=longhorn-share-manager node=ice-nas owner=ice-nas shareManager=pvc-22328fbf-4dc1-4e88-b9c8-05644d153c23 state=starting volume=pvc-22328fbf-4dc1-4e88-b9c8-05644d153c23
[pod/longhorn-manager-wc2xj/longhorn-manager] time="2026-10-03T10:46:22.113114857+02:00" level=info msg="Share manager pod pvc-22328fbf-4dc1-4e88-b9c8-05644d153c23 in unexpected phase: Failed, setting sharemanager to error state." func="controller.(*ShareManagerController).syncShareManagerPod" file="share_manager_controller.go:998" controller=longhorn-share-manager node=ice-nas owner=ice-nas shareManager=pvc-22328fbf-4dc1-4e88-b9c8-05644d153c23 state=starting volume=pvc-22328fbf-4dc1-4e88-b9c8-05644d153c23
[pod/longhorn-manager-wc2xj/longhorn-manager] time="2026-10-03T10:46:22.113166955+02:00" level=info msg="Deleting share manager pod" func="controller.(*ShareManagerController).cleanupShareManagerPod" file="share_manager_controller.go:816" controller=longhorn-share-manager node=ice-nas owner=ice-nas shareManager=pvc-22328fbf-4dc1-4e88-b9c8-05644d153c23 state=error volume=pvc-22328fbf-4dc1-4e88-b9c8-05644d153c23
[pod/longhorn-manager-wc2xj/longhorn-manager] time="2026-10-03T10:46:22.123694806+02:00" level=info msg="Event(v1.ObjectReference{Kind:\"Volume\", Namespace:\"longhorn-system\", Name:\"pvc-22328fbf-4dc1-4e88-b9c8-05644d153c23\", UID:\"e869000c-9b84-44bf-90a9-438c86191570\", APIVersion:\"longhorn.io/v1beta2\", ResourceVersion:\"7449501\", FieldPath:\"\"}): type: 'Normal' reason: 'Remount' Volume pvc-22328fbf-4dc1-4e88-b9c8-05644d153c23 requested remount at 2026-10-03T08:46:22Z" func="record.(*eventBroadcasterImpl).StartLogging.func1" file="event.go:377"
[pod/longhorn-manager-wc2xj/longhorn-manager] time="2026-10-03T10:46:22.132294312+02:00" level=info msg="Event(v1.ObjectReference{Kind:\"Volume\", Namespace:\"longhorn-system\", Name:\"pvc-22328fbf-4dc1-4e88-b9c8-05644d153c23\", UID:\"e869000c-9b84-44bf-90a9-438c86191570\", APIVersion:\"longhorn.io/v1beta2\", ResourceVersion:\"7449693\", FieldPath:\"\"}): type: 'Normal' reason: 'Remount' Volume pvc-22328fbf-4dc1-4e88-b9c8-05644d153c23 requested remount at 2026-10-03T08:46:22Z" func="record.(*eventBroadcasterImpl).StartLogging.func1" file="event.go:377"
[pod/longhorn-manager-wc2xj/longhorn-manager] time="2026-10-03T10:46:22.22337407+02:00" level=info msg="Starting share manager" func="controller.(*ShareManagerController).syncShareManagerVolume" file="share_manager_controller.go:724" controller=longhorn-share-manager node=ice-nas owner=ice-nas shareManager=pvc-22328fbf-4dc1-4e88-b9c8-05644d153c23 state=error volume=pvc-22328fbf-4dc1-4e88-b9c8-05644d153c23
[pod/longhorn-manager-wc2xj/longhorn-manager] time="2026-10-03T10:46:22.223458729+02:00" level=info msg="No share-manager pod yet to attach the volume pvc-22328fbf-4dc1-4e88-b9c8-05644d153c23" func="controller.(*ShareManagerController).createShareManagerAttachmentTicket" file="share_manager_controller.go:530" controller=longhorn-share-manager node=ice-nas owner=ice-nas shareManager=pvc-22328fbf-4dc1-4e88-b9c8-05644d153c23 state=starting volume=pvc-22328fbf-4dc1-4e88-b9c8-05644d153c23
[pod/longhorn-manager-wc2xj/longhorn-manager] time="2026-10-03T10:46:22.223535247+02:00" level=info msg="Skipping pod creation for share manager pvc-22328fbf-4dc1-4e88-b9c8-05644d153c23, will retry after backoff of 2m0s" func="controller.(*ShareManagerController).syncShareManagerPod" file="share_manager_controller.go:914" controller=longhorn-share-manager node=ice-nas owner=ice-nas shareManager=pvc-22328fbf-4dc1-4e88-b9c8-05644d153c23 state=starting volume=pvc-22328fbf-4dc1-4e88-b9c8-05644d153c23
[pod/longhorn-manager-wc2xj/longhorn-manager] time="2026-10-03T10:46:22.329884653+02:00" level=info msg="No share-manager pod yet to attach the volume pvc-22328fbf-4dc1-4e88-b9c8-05644d153c23" func="controller.(*ShareManagerController).createShareManagerAttachmentTicket" file="share_manager_controller.go:530" controller=longhorn-share-manager node=ice-nas owner=ice-nas shareManager=pvc-22328fbf-4dc1-4e88-b9c8-05644d153c23 state=starting volume=pvc-22328fbf-4dc1-4e88-b9c8-05644d153c23
[pod/longhorn-manager-wc2xj/longhorn-manager] time="2026-10-03T10:46:22.329988528+02:00" level=info msg="Skipping pod creation for share manager pvc-22328fbf-4dc1-4e88-b9c8-05644d153c23, will retry after backoff of 2m0s" func="controller.(*ShareManagerController).syncShareManagerPod" file="share_manager_controller.go:914" controller=longhorn-share-manager node=ice-nas owner=ice-nas shareManager=pvc-22328fbf-4dc1-4e88-b9c8-05644d153c23 state=starting volume=pvc-22328fbf-4dc1-4e88-b9c8-05644d153c23
[pod/longhorn-manager-wc2xj/longhorn-manager] time="2026-10-03T10:46:23.800373654+02:00" level=info msg="Request (user: system:serviceaccount:longhorn-system:longhorn-service-account, longhorn.io/v1beta2, Kind=VolumeAttachment, namespace: longhorn-system, name: pvc-22328fbf-4dc1-4e88-b9c8-05644d153c23, operation: UPDATE) patchOps: [{\"op\": \"replace\", \"path\": \"/metadata/finalizers\", \"value\": [\"longhorn.io\"]}]" func="admission.(*Handler).admit" file="admission.go:115" service=admissionWebhook
[pod/longhorn-manager-wc2xj/longhorn-manager] 10.42.0.205 - - [03/Oct/2026:10:46:23 +0200] "POST /v1/volumes/pvc-22328fbf-4dc1-4e88-b9c8-05644d153c23?action=attach HTTP/1.1" 200 9044 "" "Go-http-client/1.1"
[pod/longhorn-manager-wc2xj/longhorn-manager] time="2026-10-03T10:46:32.546455015+02:00" level=info msg="No share-manager pod yet to attach the volume pvc-22328fbf-4dc1-4e88-b9c8-05644d153c23" func="controller.(*ShareManagerController).createShareManagerAttachmentTicket" file="share_manager_controller.go:530" controller=longhorn-share-manager node=ice-nas owner=ice-nas shareManager=pvc-22328fbf-4dc1-4e88-b9c8-05644d153c23 state=starting volume=pvc-22328fbf-4dc1-4e88-b9c8-05644d153c23
[pod/longhorn-manager-wc2xj/longhorn-manager] time="2026-10-03T10:46:32.54657024+02:00" level=info msg="Skipping pod creation for share manager pvc-22328fbf-4dc1-4e88-b9c8-05644d153c23, will retry after backoff of 2m0s" func="controller.(*ShareManagerController).syncShareManagerPod" file="share_manager_controller.go:914" controller=longhorn-share-manager node=ice-nas owner=ice-nas shareManager=pvc-22328fbf-4dc1-4e88-b9c8-05644d153c23 state=starting volume=pvc-22328fbf-4dc1-4e88-b9c8-05644d153c23
[pod/longhorn-manager-wc2xj/longhorn-manager] time="2026-10-03T10:47:02.546926841+02:00" level=info msg="No share-manager pod yet to attach the volume pvc-22328fbf-4dc1-4e88-b9c8-05644d153c23" func="controller.(*ShareManagerController).createShareManagerAttachmentTicket" file="share_manager_controller.go:530" controller=longhorn-share-manager node=ice-nas owner=ice-nas shareManager=pvc-22328fbf-4dc1-4e88-b9c8-05644d153c23 state=starting volume=pvc-22328fbf-4dc1-4e88-b9c8-05644d153c23
[pod/longhorn-manager-wc2xj/longhorn-manager] time="2026-10-03T10:47:02.547046062+02:00" level=info msg="Skipping pod creation for share manager pvc-22328fbf-4dc1-4e88-b9c8-05644d153c23, will retry after backoff of 2m0s" func="controller.(*ShareManagerController).syncShareManagerPod" file="share_manager_controller.go:914" controller=longhorn-share-manager node=ice-nas owner=ice-nas shareManager=pvc-22328fbf-4dc1-4e88-b9c8-05644d153c23 state=starting volume=pvc-22328fbf-4dc1-4e88-b9c8-05644d153c23
[pod/longhorn-manager-wc2xj/longhorn-manager] time="2026-10-03T10:47:32.54776858+02:00" level=info msg="No share-manager pod yet to attach the volume pvc-22328fbf-4dc1-4e88-b9c8-05644d153c23" func="controller.(*ShareManagerController).createShareManagerAttachmentTicket" file="share_manager_controller.go:530" controller=longhorn-share-manager node=ice-nas owner=ice-nas shareManager=pvc-22328fbf-4dc1-4e88-b9c8-05644d153c23 state=starting volume=pvc-22328fbf-4dc1-4e88-b9c8-05644d153c23
[pod/longhorn-manager-wc2xj/longhorn-manager] time="2026-10-03T10:47:32.547877548+02:00" level=info msg="Skipping pod creation for share manager pvc-22328fbf-4dc1-4e88-b9c8-05644d153c23, will retry after backoff of 2m0s" func="controller.(*ShareManagerController).syncShareManagerPod" file="share_manager_controller.go:914" controller=longhorn-share-manager node=ice-nas owner=ice-nas shareManager=pvc-22328fbf-4dc1-4e88-b9c8-05644d153c23 state=starting volume=pvc-22328fbf-4dc1-4e88-b9c8-05644d153c23
[pod/longhorn-manager-wc2xj/longhorn-manager] time="2026-10-03T10:47:53.863220487+02:00" level=info msg="Request (user: system:serviceaccount:longhorn-system:longhorn-service-account, longhorn.io/v1beta2, Kind=VolumeAttachment, namespace: longhorn-system, name: pvc-22328fbf-4dc1-4e88-b9c8-05644d153c23, operation: UPDATE) patchOps: [{\"op\": \"replace\", \"path\": \"/metadata/finalizers\", \"value\": [\"longhorn.io\"]}]" func="admission.(*Handler).admit" file="admission.go:115" service=admissionWebhook
[pod/longhorn-manager-wc2xj/longhorn-manager] 10.42.0.205 - - [03/Oct/2026:10:47:53 +0200] "POST /v1/volumes/pvc-22328fbf-4dc1-4e88-b9c8-05644d153c23?action=attach HTTP/1.1" 200 9044 "" "Go-http-client/1.1"
[pod/longhorn-manager-wc2xj/longhorn-manager] time="2026-10-03T10:48:02.548731395+02:00" level=info msg="No share-manager pod yet to attach the volume pvc-22328fbf-4dc1-4e88-b9c8-05644d153c23" func="controller.(*ShareManagerController).createShareManagerAttachmentTicket" file="share_manager_controller.go:530" controller=longhorn-share-manager node=ice-nas owner=ice-nas shareManager=pvc-22328fbf-4dc1-4e88-b9c8-05644d153c23 state=starting volume=pvc-22328fbf-4dc1-4e88-b9c8-05644d153c23
[pod/longhorn-manager-wc2xj/longhorn-manager] time="2026-10-03T10:48:02.548852795+02:00" level=info msg="Skipping pod creation for share manager pvc-22328fbf-4dc1-4e88-b9c8-05644d153c23, will retry after backoff of 2m0s" func="controller.(*ShareManagerController).syncShareManagerPod" file="share_manager_controller.go:914" controller=longhorn-share-manager node=ice-nas owner=ice-nas shareManager=pvc-22328fbf-4dc1-4e88-b9c8-05644d153c23 state=starting volume=pvc-22328fbf-4dc1-4e88-b9c8-05644d153c23
[pod/longhorn-manager-wc2xj/longhorn-manager] time="2026-10-03T10:48:22.224168105+02:00" level=info msg="No share-manager pod yet to attach the volume pvc-22328fbf-4dc1-4e88-b9c8-05644d153c23" func="controller.(*ShareManagerController).createShareManagerAttachmentTicket" file="share_manager_controller.go:530" controller=longhorn-share-manager node=ice-nas owner=ice-nas shareManager=pvc-22328fbf-4dc1-4e88-b9c8-05644d153c23 state=starting volume=pvc-22328fbf-4dc1-4e88-b9c8-05644d153c23
[pod/longhorn-manager-wc2xj/longhorn-manager] time="2026-10-03T10:48:22.224321043+02:00" level=info msg="Creating pod for share manager pvc-22328fbf-4dc1-4e88-b9c8-05644d153c23" func="controller.(*ShareManagerController).syncShareManagerPod" file="share_manager_controller.go:917" controller=longhorn-share-manager node=ice-nas owner=ice-nas shareManager=pvc-22328fbf-4dc1-4e88-b9c8-05644d153c23 state=starting volume=pvc-22328fbf-4dc1-4e88-b9c8-05644d153c23
[pod/longhorn-manager-wc2xj/longhorn-manager] time="2026-10-03T10:48:22.278828285+02:00" level=info msg="Created pod for share manager on node " func="controller.(*ShareManagerController).createShareManagerPod" file="share_manager_controller.go:1370" controller=longhorn-share-manager node=ice-nas owner=ice-nas pod=share-manager-pvc-22328fbf-4dc1-4e88-b9c8-05644d153c23 shareManager=pvc-22328fbf-4dc1-4e88-b9c8-05644d153c23 state=starting volume=pvc-22328fbf-4dc1-4e88-b9c8-05644d153c23
[pod/longhorn-manager-wc2xj/longhorn-manager] time="2026-10-03T10:48:22.278998857+02:00" level=warning msg="Failed to check IsNodeDownOrDeleted() when syncShareManagerPod" func="controller.(*ShareManagerController).syncShareManagerPod" file="share_manager_controller.go:949" controller=longhorn-share-manager error="no node name provided to check node down or deleted" node=ice-nas owner=ice-nas shareManager=pvc-22328fbf-4dc1-4e88-b9c8-05644d153c23 state=starting volume=pvc-22328fbf-4dc1-4e88-b9c8-05644d153c23
[pod/longhorn-manager-wc2xj/longhorn-manager] time="2026-10-03T10:48:25.94784326+02:00" level=info msg="Share-manager pod share-manager-pvc-22328fbf-4dc1-4e88-b9c8-05644d153c23 for volume pvc-22328fbf-4dc1-4e88-b9c8-05644d153c23 reports unusable phase Failed" func="controller.(*ShareManagerController).createShareManagerAttachmentTicket" file="share_manager_controller.go:538" controller=longhorn-share-manager node=ice-nas owner=ice-nas shareManager=pvc-22328fbf-4dc1-4e88-b9c8-05644d153c23 state=starting volume=pvc-22328fbf-4dc1-4e88-b9c8-05644d153c23
[pod/longhorn-manager-wc2xj/longhorn-manager] time="2026-10-03T10:48:25.947947708+02:00" level=info msg="Share manager pod pvc-22328fbf-4dc1-4e88-b9c8-05644d153c23 in unexpected phase: Failed, setting sharemanager to error state." func="controller.(*ShareManagerController).syncShareManagerPod" file="share_manager_controller.go:998" controller=longhorn-share-manager node=ice-nas owner=ice-nas shareManager=pvc-22328fbf-4dc1-4e88-b9c8-05644d153c23 state=starting volume=pvc-22328fbf-4dc1-4e88-b9c8-05644d153c23
[pod/longhorn-manager-wc2xj/longhorn-manager] time="2026-10-03T10:48:25.948012209+02:00" level=info msg="Deleting share manager pod" func="controller.(*ShareManagerController).cleanupShareManagerPod" file="share_manager_controller.go:816" controller=longhorn-share-manager node=ice-nas owner=ice-nas shareManager=pvc-22328fbf-4dc1-4e88-b9c8-05644d153c23 state=error volume=pvc-22328fbf-4dc1-4e88-b9c8-05644d153c23
[pod/longhorn-manager-wc2xj/longhorn-manager] time="2026-10-03T10:48:25.960056388+02:00" level=info msg="Event(v1.ObjectReference{Kind:\"Volume\", Namespace:\"longhorn-system\", Name:\"pvc-22328fbf-4dc1-4e88-b9c8-05644d153c23\", UID:\"e869000c-9b84-44bf-90a9-438c86191570\", APIVersion:\"longhorn.io/v1beta2\", ResourceVersion:\"7449696\", FieldPath:\"\"}): type: 'Normal' reason: 'Remount' Volume pvc-22328fbf-4dc1-4e88-b9c8-05644d153c23 requested remount at 2026-10-03T08:48:25Z" func="record.(*eventBroadcasterImpl).StartLogging.func1" file="event.go:377"
[pod/longhorn-manager-wc2xj/longhorn-manager] time="2026-10-03T10:48:26.059749102+02:00" level=info msg="Starting share manager" func="controller.(*ShareManagerController).syncShareManagerVolume" file="share_manager_controller.go:724" controller=longhorn-share-manager node=ice-nas owner=ice-nas shareManager=pvc-22328fbf-4dc1-4e88-b9c8-05644d153c23 state=error volume=pvc-22328fbf-4dc1-4e88-b9c8-05644d153c23
[pod/longhorn-manager-wc2xj/longhorn-manager] time="2026-10-03T10:48:26.059860338+02:00" level=info msg="No share-manager pod yet to attach the volume pvc-22328fbf-4dc1-4e88-b9c8-05644d153c23" func="controller.(*ShareManagerController).createShareManagerAttachmentTicket" file="share_manager_controller.go:530" controller=longhorn-share-manager node=ice-nas owner=ice-nas shareManager=pvc-22328fbf-4dc1-4e88-b9c8-05644d153c23 state=starting volume=pvc-22328fbf-4dc1-4e88-b9c8-05644d153c23
[pod/longhorn-manager-wc2xj/longhorn-manager] time="2026-10-03T10:48:26.059944112+02:00" level=info msg="Skipping pod creation for share manager pvc-22328fbf-4dc1-4e88-b9c8-05644d153c23, will retry after backoff of 2m0s" func="controller.(*ShareManagerController).syncShareManagerPod" file="share_manager_controller.go:914" controller=longhorn-share-manager node=ice-nas owner=ice-nas shareManager=pvc-22328fbf-4dc1-4e88-b9c8-05644d153c23 state=starting volume=pvc-22328fbf-4dc1-4e88-b9c8-05644d153c23
[pod/longhorn-manager-wc2xj/longhorn-manager] time="2026-10-03T10:48:26.166011386+02:00" level=info msg="No share-manager pod yet to attach the volume pvc-22328fbf-4dc1-4e88-b9c8-05644d153c23" func="controller.(*ShareManagerController).createShareManagerAttachmentTicket" file="share_manager_controller.go:530" controller=longhorn-share-manager node=ice-nas owner=ice-nas shareManager=pvc-22328fbf-4dc1-4e88-b9c8-05644d153c23 state=starting volume=pvc-22328fbf-4dc1-4e88-b9c8-05644d153c23
[pod/longhorn-manager-wc2xj/longhorn-manager] time="2026-10-03T10:48:26.166081473+02:00" level=info msg="Skipping pod creation for share manager pvc-22328fbf-4dc1-4e88-b9c8-05644d153c23, will retry after backoff of 2m0s" func="controller.(*ShareManagerController).syncShareManagerPod" file="share_manager_controller.go:914" controller=longhorn-share-manager node=ice-nas owner=ice-nas shareManager=pvc-22328fbf-4dc1-4e88-b9c8-05644d153c23 state=starting volume=pvc-22328fbf-4dc1-4e88-b9c8-05644d153c23
[pod/longhorn-manager-wc2xj/longhorn-manager] time="2026-10-03T10:48:32.549110448+02:00" level=info msg="No share-manager pod yet to attach the volume pvc-22328fbf-4dc1-4e88-b9c8-05644d153c23" func="controller.(*ShareManagerController).createShareManagerAttachmentTicket" file="share_manager_controller.go:530" controller=longhorn-share-manager node=ice-nas owner=ice-nas shareManager=pvc-22328fbf-4dc1-4e88-b9c8-05644d153c23 state=starting volume=pvc-22328fbf-4dc1-4e88-b9c8-05644d153c23
[pod/longhorn-manager-wc2xj/longhorn-manager] time="2026-10-03T10:48:32.54922277+02:00" level=info msg="Skipping pod creation for share manager pvc-22328fbf-4dc1-4e88-b9c8-05644d153c23, will retry after backoff of 2m0s" func="controller.(*ShareManagerController).syncShareManagerPod" file="share_manager_controller.go:914" controller=longhorn-share-manager node=ice-nas owner=ice-nas shareManager=pvc-22328fbf-4dc1-4e88-b9c8-05644d153c23 state=starting volume=pvc-22328fbf-4dc1-4e88-b9c8-05644d153c23
[pod/longhorn-manager-wc2xj/longhorn-manager] time="2026-10-03T10:49:02.549172023+02:00" level=info msg="No share-manager pod yet to attach the volume pvc-22328fbf-4dc1-4e88-b9c8-05644d153c23" func="controller.(*ShareManagerController).createShareManagerAttachmentTicket" file="share_manager_controller.go:530" controller=longhorn-share-manager node=ice-nas owner=ice-nas shareManager=pvc-22328fbf-4dc1-4e88-b9c8-05644d153c23 state=starting volume=pvc-22328fbf-4dc1-4e88-b9c8-05644d153c23
[pod/longhorn-manager-wc2xj/longhorn-manager] time="2026-10-03T10:49:02.549311045+02:00" level=info msg="Skipping pod creation for share manager pvc-22328fbf-4dc1-4e88-b9c8-05644d153c23, will retry after backoff of 2m0s" func="controller.(*ShareManagerController).syncShareManagerPod" file="share_manager_controller.go:914" controller=longhorn-share-manager node=ice-nas owner=ice-nas shareManager=pvc-22328fbf-4dc1-4e88-b9c8-05644d153c23 state=starting volume=pvc-22328fbf-4dc1-4e88-b9c8-05644d153c23
[pod/longhorn-manager-wc2xj/longhorn-manager] time="2026-10-03T10:49:23.925058189+02:00" level=info msg="Request (user: system:serviceaccount:longhorn-system:longhorn-service-account, longhorn.io/v1beta2, Kind=VolumeAttachment, namespace: longhorn-system, name: pvc-22328fbf-4dc1-4e88-b9c8-05644d153c23, operation: UPDATE) patchOps: [{\"op\": \"replace\", \"path\": \"/metadata/finalizers\", \"value\": [\"longhorn.io\"]}]" func="admission.(*Handler).admit" file="admission.go:115" service=admissionWebhook
[pod/longhorn-manager-wc2xj/longhorn-manager] 10.42.0.205 - - [03/Oct/2026:10:49:23 +0200] "POST /v1/volumes/pvc-22328fbf-4dc1-4e88-b9c8-05644d153c23?action=attach HTTP/1.1" 200 9044 "" "Go-http-client/1.1"
[pod/longhorn-manager-wc2xj/longhorn-manager] time="2026-10-03T10:49:32.549642468+02:00" level=info msg="No share-manager pod yet to attach the volume pvc-22328fbf-4dc1-4e88-b9c8-05644d153c23" func="controller.(*ShareManagerController).createShareManagerAttachmentTicket" file="share_manager_controller.go:530" controller=longhorn-share-manager node=ice-nas owner=ice-nas shareManager=pvc-22328fbf-4dc1-4e88-b9c8-05644d153c23 state=starting volume=pvc-22328fbf-4dc1-4e88-b9c8-05644d153c23
[pod/longhorn-manager-wc2xj/longhorn-manager] time="2026-10-03T10:49:32.549752033+02:00" level=info msg="Skipping pod creation for share manager pvc-22328fbf-4dc1-4e88-b9c8-05644d153c23, will retry after backoff of 2m0s" func="controller.(*ShareManagerController).syncShareManagerPod" file="share_manager_controller.go:914" controller=longhorn-share-manager node=ice-nas owner=ice-nas shareManager=pvc-22328fbf-4dc1-4e88-b9c8-05644d153c23 state=starting volume=pvc-22328fbf-4dc1-4e88-b9c8-05644d153c23
[pod/longhorn-manager-wc2xj/longhorn-manager] time="2026-10-03T10:50:02.550548303+02:00" level=info msg="No share-manager pod yet to attach the volume pvc-22328fbf-4dc1-4e88-b9c8-05644d153c23" func="controller.(*ShareManagerController).createShareManagerAttachmentTicket" file="share_manager_controller.go:530" controller=longhorn-share-manager node=ice-nas owner=ice-nas shareManager=pvc-22328fbf-4dc1-4e88-b9c8-05644d153c23 state=starting volume=pvc-22328fbf-4dc1-4e88-b9c8-05644d153c23
[pod/longhorn-manager-wc2xj/longhorn-manager] time="2026-10-03T10:50:02.550699032+02:00" level=info msg="Skipping pod creation for share manager pvc-22328fbf-4dc1-4e88-b9c8-05644d153c23, will retry after backoff of 2m0s" func="controller.(*ShareManagerController).syncShareManagerPod" file="share_manager_controller.go:914" controller=longhorn-share-manager node=ice-nas owner=ice-nas shareManager=pvc-22328fbf-4dc1-4e88-b9c8-05644d153c23 state=starting volume=pvc-22328fbf-4dc1-4e88-b9c8-05644d153c23
[pod/longhorn-manager-wc2xj/longhorn-manager] time="2026-10-03T10:50:26.06045725+02:00" level=info msg="No share-manager pod yet to attach the volume pvc-22328fbf-4dc1-4e88-b9c8-05644d153c23" func="controller.(*ShareManagerController).createShareManagerAttachmentTicket" file="share_manager_controller.go:530" controller=longhorn-share-manager node=ice-nas owner=ice-nas shareManager=pvc-22328fbf-4dc1-4e88-b9c8-05644d153c23 state=starting volume=pvc-22328fbf-4dc1-4e88-b9c8-05644d153c23
[pod/longhorn-manager-wc2xj/longhorn-manager] time="2026-10-03T10:50:26.060565405+02:00" level=info msg="Creating pod for share manager pvc-22328fbf-4dc1-4e88-b9c8-05644d153c23" func="controller.(*ShareManagerController).syncShareManagerPod" file="share_manager_controller.go:917" controller=longhorn-share-manager node=ice-nas owner=ice-nas shareManager=pvc-22328fbf-4dc1-4e88-b9c8-05644d153c23 state=starting volume=pvc-22328fbf-4dc1-4e88-b9c8-05644d153c23
[pod/longhorn-manager-wc2xj/longhorn-manager] time="2026-10-03T10:50:26.152864391+02:00" level=info msg="Created pod for share manager on node " func="controller.(*ShareManagerController).createShareManagerPod" file="share_manager_controller.go:1370" controller=longhorn-share-manager node=ice-nas owner=ice-nas pod=share-manager-pvc-22328fbf-4dc1-4e88-b9c8-05644d153c23 shareManager=pvc-22328fbf-4dc1-4e88-b9c8-05644d153c23 state=starting volume=pvc-22328fbf-4dc1-4e88-b9c8-05644d153c23
[pod/longhorn-manager-wc2xj/longhorn-manager] time="2026-10-03T10:50:26.152963042+02:00" level=warning msg="Failed to check IsNodeDownOrDeleted() when syncShareManagerPod" func="controller.(*ShareManagerController).syncShareManagerPod" file="share_manager_controller.go:949" controller=longhorn-share-manager error="no node name provided to check node down or deleted" node=ice-nas owner=ice-nas shareManager=pvc-22328fbf-4dc1-4e88-b9c8-05644d153c23 state=starting volume=pvc-22328fbf-4dc1-4e88-b9c8-05644d153c23
[pod/longhorn-manager-wc2xj/longhorn-manager] time="2026-10-03T10:50:29.7586943+02:00" level=info msg="Share-manager pod share-manager-pvc-22328fbf-4dc1-4e88-b9c8-05644d153c23 for volume pvc-22328fbf-4dc1-4e88-b9c8-05644d153c23 reports unusable phase Failed" func="controller.(*ShareManagerController).createShareManagerAttachmentTicket" file="share_manager_controller.go:538" controller=longhorn-share-manager node=ice-nas owner=ice-nas shareManager=pvc-22328fbf-4dc1-4e88-b9c8-05644d153c23 state=starting volume=pvc-22328fbf-4dc1-4e88-b9c8-05644d153c23
[pod/longhorn-manager-wc2xj/longhorn-manager] time="2026-10-03T10:50:29.758814197+02:00" level=info msg="Share manager pod pvc-22328fbf-4dc1-4e88-b9c8-05644d153c23 in unexpected phase: Failed, setting sharemanager to error state." func="controller.(*ShareManagerController).syncShareManagerPod" file="share_manager_controller.go:998" controller=longhorn-share-manager node=ice-nas owner=ice-nas shareManager=pvc-22328fbf-4dc1-4e88-b9c8-05644d153c23 state=starting volume=pvc-22328fbf-4dc1-4e88-b9c8-05644d153c23
[pod/longhorn-manager-wc2xj/longhorn-manager] time="2026-10-03T10:50:29.758899722+02:00" level=info msg="Deleting share manager pod" func="controller.(*ShareManagerController).cleanupShareManagerPod" file="share_manager_controller.go:816" controller=longhorn-share-manager node=ice-nas owner=ice-nas shareManager=pvc-22328fbf-4dc1-4e88-b9c8-05644d153c23 state=error volume=pvc-22328fbf-4dc1-4e88-b9c8-05644d153c23
[pod/longhorn-manager-wc2xj/longhorn-manager] time="2026-10-03T10:50:29.769202603+02:00" level=info msg="Event(v1.ObjectReference{Kind:\"Volume\", Namespace:\"longhorn-system\", Name:\"pvc-22328fbf-4dc1-4e88-b9c8-05644d153c23\", UID:\"e869000c-9b84-44bf-90a9-438c86191570\", APIVersion:\"longhorn.io/v1beta2\", ResourceVersion:\"7449908\", FieldPath:\"\"}): type: 'Normal' reason: 'Remount' Volume pvc-22328fbf-4dc1-4e88-b9c8-05644d153c23 requested remount at 2026-10-03T08:50:29Z" func="record.(*eventBroadcasterImpl).StartLogging.func1" file="event.go:377"
[pod/longhorn-manager-wc2xj/longhorn-manager] time="2026-10-03T10:50:29.869383431+02:00" level=info msg="Starting share manager" func="controller.(*ShareManagerController).syncShareManagerVolume" file="share_manager_controller.go:724" controller=longhorn-share-manager node=ice-nas owner=ice-nas shareManager=pvc-22328fbf-4dc1-4e88-b9c8-05644d153c23 state=error volume=pvc-22328fbf-4dc1-4e88-b9c8-05644d153c23
[pod/longhorn-manager-wc2xj/longhorn-manager] time="2026-10-03T10:50:29.869515962+02:00" level=info msg="No share-manager pod yet to attach the volume pvc-22328fbf-4dc1-4e88-b9c8-05644d153c23" func="controller.(*ShareManagerController).createShareManagerAttachmentTicket" file="share_manager_controller.go:530" controller=longhorn-share-manager node=ice-nas owner=ice-nas shareManager=pvc-22328fbf-4dc1-4e88-b9c8-05644d153c23 state=starting volume=pvc-22328fbf-4dc1-4e88-b9c8-05644d153c23
[pod/longhorn-manager-wc2xj/longhorn-manager] time="2026-10-03T10:50:29.869640708+02:00" level=info msg="Skipping pod creation for share manager pvc-22328fbf-4dc1-4e88-b9c8-05644d153c23, will retry after backoff of 2m0s" func="controller.(*ShareManagerController).syncShareManagerPod" file="share_manager_controller.go:914" controller=longhorn-share-manager node=ice-nas owner=ice-nas shareManager=pvc-22328fbf-4dc1-4e88-b9c8-05644d153c23 state=starting volume=pvc-22328fbf-4dc1-4e88-b9c8-05644d153c23
[pod/longhorn-manager-wc2xj/longhorn-manager] time="2026-10-03T10:50:29.877060813+02:00" level=info msg="Event(v1.ObjectReference{Kind:\"Volume\", Namespace:\"longhorn-system\", Name:\"pvc-22328fbf-4dc1-4e88-b9c8-05644d153c23\", UID:\"e869000c-9b84-44bf-90a9-438c86191570\", APIVersion:\"longhorn.io/v1beta2\", ResourceVersion:\"7450099\", FieldPath:\"\"}): type: 'Normal' reason: 'Remount' Volume pvc-22328fbf-4dc1-4e88-b9c8-05644d153c23 requested remount at 2026-10-03T08:50:29Z" func="record.(*eventBroadcasterImpl).StartLogging.func1" file="event.go:377"
[pod/longhorn-manager-wc2xj/longhorn-manager] time="2026-10-03T10:50:29.983646182+02:00" level=info msg="No share-manager pod yet to attach the volume pvc-22328fbf-4dc1-4e88-b9c8-05644d153c23" func="controller.(*ShareManagerController).createShareManagerAttachmentTicket" file="share_manager_controller.go:530" controller=longhorn-share-manager node=ice-nas owner=ice-nas shareManager=pvc-22328fbf-4dc1-4e88-b9c8-05644d153c23 state=starting volume=pvc-22328fbf-4dc1-4e88-b9c8-05644d153c23
[pod/longhorn-manager-wc2xj/longhorn-manager] time="2026-10-03T10:50:29.983756255+02:00" level=info msg="Skipping pod creation for share manager pvc-22328fbf-4dc1-4e88-b9c8-05644d153c23, will retry after backoff of 2m0s" func="controller.(*ShareManagerController).syncShareManagerPod" file="share_manager_controller.go:914" controller=longhorn-share-manager node=ice-nas owner=ice-nas shareManager=pvc-22328fbf-4dc1-4e88-b9c8-05644d153c23 state=starting volume=pvc-22328fbf-4dc1-4e88-b9c8-05644d153c23
[pod/longhorn-manager-wc2xj/longhorn-manager] time="2026-10-03T10:50:32.55159929+02:00" level=info msg="No share-manager pod yet to attach the volume pvc-22328fbf-4dc1-4e88-b9c8-05644d153c23" func="controller.(*ShareManagerController).createShareManagerAttachmentTicket" file="share_manager_controller.go:530" controller=longhorn-share-manager node=ice-nas owner=ice-nas shareManager=pvc-22328fbf-4dc1-4e88-b9c8-05644d153c23 state=starting volume=pvc-22328fbf-4dc1-4e88-b9c8-05644d153c23
[pod/longhorn-manager-wc2xj/longhorn-manager] time="2026-10-03T10:50:32.551754209+02:00" level=info msg="Skipping pod creation for share manager pvc-22328fbf-4dc1-4e88-b9c8-05644d153c23, will retry after backoff of 2m0s" func="controller.(*ShareManagerController).syncShareManagerPod" file="share_manager_controller.go:914" controller=longhorn-share-manager node=ice-nas owner=ice-nas shareManager=pvc-22328fbf-4dc1-4e88-b9c8-05644d153c23 state=starting volume=pvc-22328fbf-4dc1-4e88-b9c8-05644d153c23
[pod/longhorn-manager-wc2xj/longhorn-manager] time="2026-10-03T10:51:02.552144309+02:00" level=info msg="No share-manager pod yet to attach the volume pvc-22328fbf-4dc1-4e88-b9c8-05644d153c23" func="controller.(*ShareManagerController).createShareManagerAttachmentTicket" file="share_manager_controller.go:530" controller=longhorn-share-manager node=ice-nas owner=ice-nas shareManager=pvc-22328fbf-4dc1-4e88-b9c8-05644d153c23 state=starting volume=pvc-22328fbf-4dc1-4e88-b9c8-05644d153c23
[pod/longhorn-manager-wc2xj/longhorn-manager] time="2026-10-03T10:51:02.552219501+02:00" level=info msg="Skipping pod creation for share manager pvc-22328fbf-4dc1-4e88-b9c8-05644d153c23, will retry after backoff of 2m0s" func="controller.(*ShareManagerController).syncShareManagerPod" file="share_manager_controller.go:914" controller=longhorn-share-manager node=ice-nas owner=ice-nas shareManager=pvc-22328fbf-4dc1-4e88-b9c8-05644d153c23 state=starting volume=pvc-22328fbf-4dc1-4e88-b9c8-05644d153c23
